ARM_CODART,ART_NOMBRE,Cod_Prod,Nom_Prod_DIGEMID,Concent_DIGEMID,Score
10756.0,ALBOTHYL OVULOS x 6,52199,ALBOTHYL,90 mg,0.69
13563.0,DEPO-MEDROL 40mg 1ml AMP,38134,DEPOMEDROL,40 mg/ mL,0.61
13670.0,DEPO-PROVERA 150mg 1ml AMP,48837,DEPO-PROVERA,150 mg/ mL,0.61
15470.0,PROVERA 5mg TAB x 30,48839,PROVERA,5 mg,0.62
25798.0,"BUSCAPINA COMP. ""N"" x 100 COMP",56858,BUSCAPINA COMPOSITUM,0.02 g/ 5 mL + 2.5 g/ 5 mL,0.68
30235.0,BACTRIM BALSAMICO JBE x 100ml,55228,BACTRIM BALSAMICO,800 mg/ 15 mL + 160 mg/ 15 mL + 250 mg/ 15 mL,0.74
30663.0,BACTRIM FORTE SUSP. FCO x 100ml,53047,BACTRIM FORTE,400 mg + 80 mg/ 5 mL,0.6
31349.0,BEPANTHENE CREMA 30g,49677,BEPANTHEN PLUS,5 % + 0.5 %,0.69
40777.0,MENTHOLATUM POTE x 30gr,57119,MENTHOLATUM NF,9 % + 1.35 % + 0.33 %,0.75
40884.0,MENTHOLATUM POTE x 85gr,57119,MENTHOLATUM NF,9 % + 1.35 % + 0.33 %,0.75
48298.0,ERITROMICINA 500mg TAB x 50 - GEN FAR,40156,ERITROMICINA,500 mg,0.61
51042.0,CLAVUMOX 250mg x 60ml SUSP,46849,CLAVUMOX® 600,600 mg + 42.9 mg/ 5 mL,0.68
51905.0,DIBROLAX GOTAS x 20ml,39543,DIBROLAX,5 mg,0.65
52805.0,MULTIMYCIN UNGUENTO 14g,48604,MULTIMYCIN,350 mg + 500 000 UI + 50 000 UI,0.71
64177.0,PARACETAMOL 500mg x 100 TAB - GEN FAR,60063,PARACETAMOL + CAFEÍNA,500 mg + 65 mg,0.7
66191.0,AERO OM GOTAS 15ml FRESA,39016,AERO OM SABOR A FRESAS,100 mg/ mL,0.7
67091.0,DICYNONE 2ml AMPOLLA,45444,DICYNONE® 250,250 mg/ 2 mL,0.62
67740.0,DOXIPROCT PLUS POMADA x 12GR,44154,DOXIPROCT PLUS,4 g + 2 g + 0.025 g,0.67
69112.0,TRI-AERO-OM CAP x 100,52911,TROMVAX 10,10 mg,0.62
74184.0,PYRIDIUM 100mg x 100 GRAGEAS,60065,PYRIDIUM - X FORTE,200 mg,0.69
76419.0,DENCORUB EXTRA FORTE x 100GR,38962,DENCORUB EXTRA FORTE,29 g/ 100 g + 7.6 g/ 100 g,0.93
80163.0,LIDOCAINA 2% S/EP AMP x 20ml - LUSA,48316,LIDOCAINA 2% CON EPINEFRINA 1:200 000 S/P,2 %,0.65
88333.0,BACTEROL FORTE SUS x 50ml,39572,BACTEROL FORTE,800 mg + 160 mg,0.82
88440.0,BACTEROL INFANTIL SUSP. 60ml,49186,BACTEROL INFANTIL,200 mg + 40 mg/ 5 mL,0.87
88868.0,DEQUAZOL-R OVULOS x 60 UNID.,35124,DEQUAZOL ORAL 500,500 mg,0.7
99561.0,MERTHIOLATE PLUS INCOLORO 60ml,51254,MERTHIOLATE PLUS® INCOLORO,0.10 %,1.01
99668.0,MERTHIOLATE PLUS TINTURA 60ml,51254,MERTHIOLATE PLUS® INCOLORO,0.10 %,0.84
100114.0,AB BRONCOL NF 1200 INYECTABLE,48938,AB BRONCOL NF 1200,1000 mg + 200 mg,0.87
100221.0,AB BRONCOL NF 300 INYECTABLE,48889,AB BRONCOL NF 300,250 mg + 50 mg,0.86
100328.0,AB BRONCOL NF 600 INYECTABLE,48917,AB BRONCOL NF 600,600 mg,0.86
108598.0,CIPROLIN 500mg TAB x 10,38205,CIPROLIP 500,500 mg,0.63
110977.0,FRAMYCORT GOTAS 2.5ML,51357,FRAMYCORT,(10 mg + 1 mg)/ mL,0.72
113142.0,VELAMOX 500mg x 100 CAP,54507,VELAMOX 500,500 mg/ 5 mL,0.65
113784.0,MEJORAL TAB x 200,54983,META XR 500,500 mg,0.64
116270.0,PANADOL MASTICABLE TAB x 100,54313,PANADOL ANTIGRIPAL NF,500 mg + 5 mg + 2 mg,0.67
116377.0,PANADOL GOTAS 15ml,56317,PANADOL NIÑOS,160 mg/ 5 mL,0.77
146619.0,DICLOFENACO 75mg x 5 AMP - GEN FAR,38550,DICLOFENACO,1 %,0.61
159433.0,DEXTRO TOSS JBE x 120ml,44796,DEXTRO TOSS,15 mg/ 5 mL,0.65
169333.0,QUADRIDERM EXTRA SP CREMA x 10g,39320,QUADRIDERM EXTRA SP,,0.76
173184.0,DOLOCORDRALAN EXTRA FORTE x 10 TAB,50912,DOLOCORDRALAN EXTRA FORTE,500 mg + 50 mg,0.85
174412.0,NEUROBION x 100 GRAGEAS,52456,NEUROBION 1000,,0.7
177219.0,CICLOSTERONA FUERTE 50mg x 1ml AMP,40592,CICLOSTERONA FUERTE®,50 mg/ mL,0.82
187333.0,CODIPRONT x 10 CAP,55798,CODIPRONT F,11.11 mg + 3.67 mg/ 5 mL,0.79
187440.0,CODIPRONT x 60ml JBE,55798,CODIPRONT F,11.11 mg + 3.67 mg/ 5 mL,0.75
187547.0,CODIPRONT EXPECT. x 10 CAP,49399,CODIPRONT EXPECTORANTE,11.11 mg + 3.67 mg + 55.55 mg/ 5 mL,0.82
188768.0,GINGISONA TOQUES x 30ml,41772,GINGISONA B,3 mg,0.69
189775.0,MEGACILINA 1´000 000 x 1 AMP,39911,MEGACILINA ORAL,1 000 000 UI,0.67
189882.0,MEGACILINA FORTE 4000 AMP,39911,MEGACILINA ORAL,1 000 000 UI,0.8
190070.0,MEGACILINA ORAL COMP x 120,39911,MEGACILINA ORAL,1 000 000 UI,0.83
194212.0,ALERGICAL SF x 100 TAB,26169,ALERGICAL SF,,0.81
194319.0,ALERGICAL SF GOTAS 15ml,26169,ALERGICAL SF,,0.79
194533.0,AZO CEFASABAL 100mg x 100 TAB,60064,AZO CEFASABAL 100,100 mg,0.84
194854.0,CEFASABAL x 100 TAB,35665,AZOCEFASABAL 100,100 mg,0.84
196868.0,ISORBIDE ORAL 10mg TAB x 20,44747,ISORBIDE ORAL,10 mg,0.75
197126.0,MAGAL II SUSP x 150ml,7138,MAGAL II,400 mg + 400 mg/ 5 mL,0.65
212570.0,TAPSIN PLUS CALIENTE NOCHE x 60 SOBRES,41568,TAPSIN PLUS CALIENTE NOCHE,650 mg + 4 mg + 20 mg,0.91
219947.0,ELITON FORTE x 340ml,38914,ELITON FE 50,50 mg/ mL,0.79
221677.0,DIANE 35 GRG x 21,52454,DIANE 35,2 mg + 0.035 mg,0.74
243598.0,DERMOVATE CREMA 30gr.,39435,DERMOVATE,0.05 %,0.62
245940.0,VENTOLIN INHALADOR 200 DOSIS,41622,VENTOLIN INHALADOR,100 mcg/ dosis,0.78
253933.0,ACARIL CREMA 42g,58724,ACARIL S NF,25 %,0.69
254184.0,ACARIL S LOCION x 60ml,58724,ACARIL S NF,25 %,0.71
257640.0,FURACIN POMADA 35g,35465,FURACIN,0.2 %,0.66
258005.0,FUROXONA JBE x 120ml,37379,FUROXONA FORTE,50 mg/ 5 mL,0.69
259012.0,DOLOMAX SUSPENSION x 60ml,38576,DOLOMAX PLUS,,0.64
259868.0,LINCOPLUS 600mg/2ml x 5 AMP,39178,LINCOPLUS,600 mg/ 2 mL,0.61
259975.0,LINCOPLUS 500mg CAPS x 12,39178,LINCOPLUS,600 mg/ 2 mL,0.63
261384.0,PLASYODINE 70ml SOLUCION TOPICA,50855,PLASYODINE BUCAL,10 %,0.7
261819.0,RAQUIFEROL D3 AMP. BEBIBLE x 10ml,52136,RAQUIFEROL ® D3 CB,10 000 UI,0.72
270491.0,BRONCO MAGNIMOX SUSP. 250mg 60ml,42843,BRONCO MEDIMOX 500,500 mg + 4 mg/ 5 mL,0.65
297775.0,PULMOL COMPUESTO FCO x 120ml,41371,PULMOL COMPUESTO,,0.83
299682.0,DEXABRON NF x 100 CAP,58005,DEXABRON,15 mg/ 5 mL,0.65
299789.0,DEXABRON EXPECTORANTE JBE x 120ml,55007,DEXABRON EXPECTORANTE,(10 mg + 100 mg)/ 5 mL,0.88
310563.0,ELECTRORAL NF x 1000ML FRESA,48973,ELECTRORAL NF SABOR A FRESA,,0.76
310670.0,ELECTRORAL NF x 1000ML ANIS,50482,ELECTRORAL NF SABOR A ANIS,,0.75
312363.0,EVACUOL REGULAR x 130ML,50795,EVACUOL Enema,,0.66
340805.0,GASEOVET 40mg x 150 TAB,35148,GASEOVET CB,180 mg,0.69
341163.0,GASEOVET GOTAS x 15ml ANIS,37598,GASEOVET SABOR A ANIS,80 mg/ mL,0.78
341270.0,GASEOVET GOTAS x 15ml FRESA,37599,GASEOVET SABOR A FRESA,80 mg/ mL,0.79
346312.0,ENTEROPHAR FORTE DIEPHAR x 60 MONOD.,40052,ENTEROPHAR FORTE,50 mg/ 5 mL,0.73
354626.0,HIRUDOID FORTE 14g GEL,41128,HIRUDOID FORTE,0.445 %,0.78
354733.0,HIRUDOID FORTE POMADA 14g,41128,HIRUDOID FORTE,0.445 %,0.72
354947.0,HIRUDOID POMADA 14gr,41128,HIRUDOID FORTE,0.445 %,0.65
356747.0,PURINOR JBE x 100ml,57429,URANOR 100,100 mg,0.62
386554.0,MICOLIS CREMA 30g,7501,MICOLIS,1 %,0.68
387775.0,PLIDAN COMPUESTO NF x 100 GRAGEAS,44530,PLIDAN COMPUESTO NF,10 mg + 125 mg,0.83
387989.0,PLIDAN COMPUESTO NF AMP x 1,44530,PLIDAN COMPUESTO NF,10 mg + 125 mg,0.93
388782.0,GAMALATE B6 x 60 GRAGEAS,54389,GAMALATE B6,,0.63
388889.0,GAMALATE B6 JBE x 80ml,54389,GAMALATE B6,,0.67
403156.0,DOXIUM 500mg x 100 CAP,42465,DOXIUM 500,500 mg,0.62
406177.0,SULFATO FERROSO JBE x 180ml - PORTUGAL,45014,SULFATO FERROSO,300 mg,0.69
408298.0,HIDROCLOROTIAZIDA 50mg x 30 TAB - GENFAR,58194,HIDROCLOROTIAZIDA,25 mg,0.72
441277.0,CLORO ALERGAN x 10mg /1ml -AMP,60765,CLORO ALERGAN,10 mg/ mL,0.73
450712.0,OTOZAMBON GOTAS 10ml,51018,OTOZAMBON® NF,,0.72
452405.0,MICOLIS SPRAY 60ml,7501,MICOLIS,1 %,0.66
452833.0,ELITON NF JBE 340ml,38914,ELITON FE 50,50 mg/ mL,0.81
453626.0,DEXTROMETORFANO JBE x 120ml - PORTUGAL,51238,DEXTROMETORFANO BROMHIDRATO,15 mg/ 5 mL,0.6
454091.0,PANADOL JBE x 60ml,55908,PANADOL FORTE,500 mg + 65 mg,0.68
456326.0,BRONCO AMOXICLIN 250mg x 60ml - SIEGFRIED,53135,BRONCO AMOXICLIN 500,500 mg + 8 mg,0.78
456433.0,FUROXONA 100mg TAB x 100,37379,FUROXONA FORTE,50 mg/ 5 mL,0.63
456540.0,GRAVOL 50mg TAB x 100,35499,GRAVOL 1,50 mg/ mL,0.65
456647.0,GRAVOL JBE 60ml,35580,GRAVOL CB,50 mg,0.77
456754.0,LOROPHYN OVULOS x 3 und,57642,LOROPHYN NF,18.9 mg,0.69
488789.0,DOLNIX AMP 60mg,3834,DOLNIX SL,10 mg,0.68
493119.0,VOLTAREN EMULGEL 1% TUBO x 30gr,50406,VOLTAREN EMULGEL,1 %,0.7
503056.0,LECHE DE MAGNESIA PHILIPS x 120ml CLASICA,60903,LECHE DE MAGNESIA PHILLIPS	CLASICA,425 mg/ 5 mL,0.88
505933.0,DICLOXACILINA 500mg x 100 CAP - IQFARMA,28125,DICLOXACILINA,500 mg,0.62
506077.0,DICLOXACILINA 500mg x 50 CAP - GENFAR,28125,DICLOXACILINA,500 mg,0.64
508954.0,FLORIL COLIRIO x 8ml,56445,FLORIL SMART GAMER,0.05 %,0.63
511370.0,ALERGICAL SF JBE x 60ml,26169,ALERGICAL SF,,0.79
521812.0,RYNATAN TABS x 100,58845,RYNATAN® NF,10 mg/ 10 mL + 4 mg/ 10 mL,0.67
538440.0,SUPRADYN EFERVESCENTE x 10 COMP,43929,PANADOL EFERVESCENTE,500 mg,0.63
541070.0,MESIGYNA AMP x 1 ML,41399,MESIGYNA,,0.69
545640.0,EVACUOL PEDIATRICO x 65ML,37286,EVACUOL PEDIATRICO,,0.94
594668.0,BENZOATO DE BENCILO x 60 ML ROXFARMA,52289,BENZOATO DE BENCILO,25 %,0.79
627647.0,HANALGEZE 10mg x 50 TAB,31488,HANALGEZE,60 mg/ 2 mL,0.66
627968.0,HANALGEZE INY 60mg x 1 AMP,31488,HANALGEZE,60 mg/ 2 mL,0.61
752961.0,NISTAGLOS PED.CREMA x 15GRS,54846,NISTAGLOS,(10 000 000 UI + 20 g)/ 100 g,0.61
777047.0,LIDOCAINA 5% UNGUENTO x 10gr - LUSA,48316,LIDOCAINA 2% CON EPINEFRINA 1:200 000 S/P,2 %,0.64
802933.0,FERANIN JBE 100 ML,47889,BENTINE 100,100 mg,0.62
811070.0,DOLO NEUROBION-N x 100 CAP,43455,DOLO NEUROBION,,0.82
845126.0,PANADOL ANTIGRIPAL NF x 50 SOBRESX2,54313,PANADOL ANTIGRIPAL NF,500 mg + 5 mg + 2 mg,0.85
873133.0,SALBUVENT EXPECTORANTE JBE x 150ml,45499,CLENBUVENT EXPECTORANTE,0.005 mg + 7.5 mg/ 5 mL,0.8
892568.0,BLADURIL 200mg x 20 TAB,41599,BLADURIL,200 mg,0.62
893903.0,BRONCO TRIFAMOX 125mg SUSP x 60 ml,39976,BRONCO TRIFAMOX 250,250 mg + 4 mg/ 5 mL,0.82
894154.0,BRONCO TRIFAMOX 250mg SUSP x 60 ml,39976,BRONCO TRIFAMOX 250,250 mg + 4 mg/ 5 mL,0.82
894261.0,BRONCO TRIFAMOX 500mg x 100 CAP,48567,BRONCO TRIFAMOX 500,,0.86
899082.0,TRIOVAL x 15ml GOTAS,10849,TRAMAL GOTAS,100 mg/ mL,0.69
907868.0,CADITAR 200mg TAB x 60,46699,CADITAR MIO,,0.65
909026.0,BRONCOPULMIN JBE x 120ml,40821,BRONCOPULMIN NF,5 mg + 100 mg/ 5 mL,0.77
910177.0,CARDIOASPIRINA 100mg x 20 COMP,39038,CARDIOASPIRINA 100 EC,100 mg,0.88
910826.0,CEFABRONCOL x 75 ml SUSP,45374,CEFABRONCOL-S,250 mg/ 5 mL,0.77
911940.0,CIPROFLOXACINO 500mg x 10 TAB - GEN FAR,40104,CIPROFLOXACINO,500 mg,0.65
912412.0,CIRIAX OTIC x 5ml GOTAS,37339,CIRIAX OTIC,,0.75
913633.0,CLINDACIN-K x 7 OV. VAG.,59735,CLINACINA-HG,600 mg/ 4 mL,0.62
914533.0,GENTAMICINA 0.3% GOTAS - LANSIER,42177,GENTAMICINA,0.3 %,0.66
915754.0,IRRIGOR PLUS x 30 COMP,51064,IRRIGOR PLUS,30 mg + 100 mg,0.81
915861.0,LIPEBIN JBE x 90ML,40404,LIPEBIN,3.33 g/ 5 mL,0.66
916440.0,TOBAN F TAB x 100,35689,TOBAN F,2 mg,0.68
920512.0,SOLUCION POLIELECTROLITICA x 1000ML TRIFARMA,51437,SOLUCION POLIELECTROLITICA,,0.84
921626.0,MULTIBIOTICOS x 50/4 SOBRES MENTHOL,44184,MULTI-BIOTICOS SABOR A MENTOL/EUCALIPTOL,0.25 mg + 10 mg,0.71
921733.0,MULTIBIOTICOS x 50/4 SOBRES NARANJA,44312,MULTI-BIOTICOS SABOR A NARANJA,0.25 mg + 10 mg,0.83
922198.0,CLORFENAMINA JBE x 60ml - PORTUGAL,41232,CLORFENAMINA MALEATO,4 mg,0.72
922633.0,INFECTRIM 200/40mg JBE x 60ML,39859,INFECTRIM FORTE,400 mg + 80 mg/ 5 mL,0.61
924112.0,FRAMIDEX GOTAS x 2.5cc NUEVA,5110,FRAMIDEX NF,1 % + 0.1 %,0.63
924326.0,BRONCO MEDIMOX 250mg x 60ml CHICO,42843,BRONCO MEDIMOX 500,500 mg + 4 mg/ 5 mL,0.81
925012.0,DEXACORT 4.0mg x 10 TAB,60878,DEXACORT,4 mg,0.63
926340.0,DOLO-QUIMAGESICO C50 NF x 120 TAB. REC.,55059,DOLO QUIMAGESICO C 50 NF,50 mg + 500 mg,0.83
926661.0,MEDICORTIL GOTAS 10MG x 2.5ML,35581,MEDICORTIL,,0.63
928247.0,DOLNIX SL 10mg x 10 TAB,3834,DOLNIX SL,10 mg,0.66
929147.0,AERO OM GOTAS 15ml ANIS,43402,AERO OM FORTE-SABOR ANIS,125 mg,0.7
929468.0,BETACORT DEPOT AMP x 1 ml,56508,BETACORT DEPOT 2,10 mg/ 2 mL + 4 mg/ 2 mL,0.83
930191.0,NONPIRON SUSP x 60ml FRESA,34929,NONPIRON SABOR A FRESA,100 mg/ 5 mL,0.81
930298.0,SILENAI CL PEDIATRICO JBE x 120ML,35770,SILENAI CL PEDIATRICO,,0.88
931954.0,MAXIDOL COMPUESTO x 100 TAB,45901,PLIMADOL COMPUESTO,125 mg + 10 mg,0.67
936026.0,AZITROMICINA 500mg x 3 TAB - GEN FAR,38280,AZITROMICINA,200 mg/ 5 mL,0.62
936775.0,CLORFENAMINA 4mg x 100 TAB - INDUQUIMICA,40559,CLORFENAMINA MALEATO,4 mg,0.62
937247.0,CLORFENAMINA 10mg/1ml CAJA x 25 AMP - LUSA,39220,CLORFENAMINA MALEATO,10 mg/ mL,0.64
937568.0,CLINDAMICINA 600mg x 10 AMP - VITALIS,43374,CLINDAMICINA,300 mg,0.61
938575.0,BRONCOPHAR PLUS DIEPHAR x 60 MONODOSIS,58586,BRONCOPHAR PLUS NF,(5 mg + 10 mg + 100 mg)/ 5 mL,0.71
942540.0,PARACETAMOL JBE x 60ml - PORTUGAL,42111,PARACETAMOL,500 mg,0.62
943654.0,REUMA FROST x 60gr PORTUGAL,49618,REUMAFROST NF,,0.65
943761.0,REUMA FROST x 30gr PORTUGAL,49618,REUMAFROST NF,,0.65
943868.0,MULTI FROST x 100gr PORTUGAL,58267,MULTIFROST FORTE,30 % + 8 %,0.74
944126.0,MULTI FROST x 60gr PORTUGAL,58267,MULTIFROST FORTE,30 % + 8 %,0.75
946033.0,BACTEROL BALSAMICO JBE x 50ml,40373,BACTEROL BALSAMICO,,0.87
947040.0,VIBRAMICINA 100mg x 50 CAP,55281,GLIFORMIN 1000 AP,1000 mg,0.6
947789.0,MIGRA DORIXINA x 100 TAB,7544,MIGRADORIXINA,,0.8
961226.0,CLARITROMICINA 500mg x 10 TAB GEN FAR,2651,CLARITROMICINA,500 mg,0.65
961547.0,DICLOFENACO 1% GEL x 50gr - GENFAR,38550,DICLOFENACO,1 %,0.62
962019.0,LANSOPRAZOL 30mg x 7 CAP - GEN FAR,40140,LANSOPRAZOL,30 mg,0.61
964675.0,MULTIDERM CREMA x10gr,50429,PLATSIDERM CREMA,1 % + 0.6 %,0.7
976810.0,COLUFASE SUSP x 60ml,44105,COLUFASE,500 mg,0.67
981026.0,BETASERC 16mg x 20 TAB,43963,BETASERC,24 mg,0.63
981989.0,INFECTRIM BALSAMICO GRANDE x 100ml,59211,INFECTRIM BALSAMICO NF,,0.85
982033.0,AIRUM J.A.T JBE x 120ml,48503,AIRUM JAT,10 mg + 30 mg + 2 mg/ 5 mL,0.7
997510.0,KALLOZIL x 8ml,47998,KALLOZIL,17 g/ 100 mL,0.83
997831.0,FERANIN FORTE GOTAS x 20ml,4799,FERANIN FORTE,50 mg/ mL,0.67
1010442.0,ISORBIDE SUBLINGUAL x 25 TAB,37936,ISORBIDE SUBLINGUAL,5 mg,0.91
1011984.0,YODOPOVIDONA x 60ml SOLUCION GENFAR,43732,YODOPOVIDONA ESPUMA LIMPIADORA,8.5 %,0.62
1015584.0,REFLUCIL 5mg x 30 TAB,41612,REFLUCIL,5 mg,0.65
1021028.0,SAL DE ANDREWS x 100 SOBRES,48958,SAL DE ANDREWS,2.28 g + 0.8825 g,0.68
1022356.0,SILENAI EXPECTORANTE JBE x 120ml.,35086,SILENAI EXPECTORANTE,,0.87
1024370.0,ANEURIN 1000 AMP x 3ml,40725,ANEURIN 1000,100 mg + 100 mg + 1000 mcg,0.71
1027505.0,PANAFLAM FORTE x 10 TAB,39473,PANAFLAM FORTE,,0.86
1027719.0,HISALER D GOTAS x 15ml,50203,HISALER D,120 mg + 5 mg,0.68
1029947.0,HISALER GOTAS x 15ml,50203,HISALER D,120 mg + 5 mg,0.65
1032791.0,MENTHOLATUM x 18gr. x 12 LT.,57119,MENTHOLATUM NF,9 % + 1.35 % + 0.33 %,0.7
1034270.0,GRAVERGOL x 20 CAP,37381,GRAVOL A/P,75 mg,0.77
1040677.0,GEMFIBROZILO 600mg x 20 TAB. GEN FAR,43473,GEMFIBROZILO,600 mg,0.61
1044712.0,QUITOSO PLUS x 40 SACHETS,41866,QUITOSO PLUS,1 %,0.65
1046940.0,CINAFLOX 500mg x 48 TAB,41013,CINAFLOX,500 mg,0.62
1051156.0,ARCOXIA 120mg x 7 TAB,53109,ARCOXIB 120,120 mg,0.62
1052056.0,CLORURO DE SODIO 0.9% x 1000ml - B.BRAUN,2857,CLORURO DE SODIO,0.9 %,0.63
1052919.0,PENICILINA BENZATINICA 1200 x 10 AMP - VITALIS,56761,BENCILPENICILINA BENZATINICA 1.2 MEGA,1 200 000 UI,0.68
1054391.0,COLUFASE 500mg x 6 TAB,44105,COLUFASE,500 mg,0.63
1054826.0,ELECTRORAL PEDIATRICO FRESA x 1000ml,51963,ELECTRORAL PEDIATRICO SABOR A FRESA,,0.76
1061919.0,TENSODOX 5mg x 20 TAB,37584,TENSODOX,5 mg,0.65
1062063.0,DICYNONE 500mg x 20 CAP,45444,DICYNONE® 250,250 mg/ 2 mL,0.63
1065519.0,FURAZOLIDONA JBE x 120ml - PORTUGAL,36982,FURAZOLIDONA,100 mg,0.63
1075312.0,LECHE DE MAGNESIA PHILIPS x 120ml CEREZA,35619,LECHE DE MAGNESIA PHILLIPS SABOR CEREZA,400 mg/ 5 mL,0.84
1077219.0,LAXOLAX GOTAS x 20ml,45288,LAXOLAX 7.5,7.5 mg/ mL,0.63
1078119.0,NASTIZOL NF ANTIGRIPAL x 200 TAB,54030,NASTIZOL NF ANTIGRIPAL,500 mg + 15 mg + 5 mg + 2 mg,0.91
1080063.0,FUROXONA FORTE JBE x 120ml,37379,FUROXONA FORTE,50 mg/ 5 mL,0.8
1080170.0,SOLOUNA 5 x 1ml AMP,48959,SOLOUNA 5,50 mg + 5 mg/ 1 mL,0.64
1080819.0,FORMOL x 1000ml.,35141,CEFACROL IM 1000,1000 mg,0.65
1082077.0,CLORURO DE SODIO 20% x 20ml (DESHIDRAL) LUSA,37590,CLORURO DE SODIO,0.9 %,0.66
1092947.0,ROWACHOL x 100 CAP.,54890,ROWACHOL® NF,,0.62
1093091.0,ROWATINEX x 100 CAP.,61054,ROWATINEX,,0.64
1101984.0,GRAVERGOL x 100 CAP,37381,GRAVOL A/P,75 mg,0.74
1104256.0,RHINO DAZOL SOLUCION x 15ml. LUSA,58790,RHINO-DAZOL® PLUS,1 mg/ mL,0.7
1106163.0,BICARBONATO DE SODIO 10gr x 50 SOBRES - VARIOS,37166,BICARBONATO DE SODIO,8.4 %,0.62
1107063.0,BETACREM CREMA x 20gr,45061,BETACREM,0.05 %,0.65
1108070.0,HIOSCINA N-BUTIL BROMURO 20mg/1ml x 10 AMP - VITALIS,57115,HIOSCINA BUTILBROMURO + METAMIZOL SODICO,20 mg + 2.5 g/ 5 mL,0.73
1108177.0,METOCLOPRAMIDA 10mg/2ml x 5 AMP - GENFAR,37574,METOCLOPRAMIDA,10 mg/ 2 mL,0.65
1122470.0,INFECTRIM FORTE 800/160mg x 100 TAB,39859,INFECTRIM FORTE,400 mg + 80 mg/ 5 mL,0.71
1122577.0,INFECTRIM FORTE JBE x 100ml,39859,INFECTRIM FORTE,400 mg + 80 mg/ 5 mL,0.81
1125277.0,MICOTERAT 1% CREMA x 15gr,49542,MICOTERAT,250 mg,0.65
1127398.0,PENICILINA BENZATINICA 2 400 000 - VITALIS,56761,BENCILPENICILINA BENZATINICA 1.2 MEGA,1 200 000 UI,0.68
1127726.0,ELECTRORAL PEDIATRICO ANIS x 1000ml,48950,ELECTRORAL PEDIATRICO SABOR ANIS,,0.78
1128840.0,DOLO-QUIMAGESICO 75mg x 3ml AMP,41026,DOLO QUIMAGESICO FLEX,,0.77
1130998.0,REUMA-SOL EXTRAFUERTE x 22gr,9586,REUMA SOL EXTRAFUERTE,,0.83
1131149.0,REUMA-SOL EXTRAFUERTE x 60gr,9586,REUMA SOL EXTRAFUERTE,,0.83
1134063.0,FLORIL COLIRIO x 15ml,56445,FLORIL SMART GAMER,0.05 %,0.61
1134170.0,OTIDOL GOTAS x 5ml,59383,OTIDOL NUEVA FÓRMULA,,0.69
1134819.0,TONIKON NF JBE x 345ml,58792,TONIKON PLUS,(2.5 mg + 6.25 mg + 312.5 mg)/ 5 mL,0.63
1142812.0,HISALER JBE x 60ml,50203,HISALER D,120 mg + 5 mg,0.69
1142919.0,LAGRIMAS ISOTONICAS x 15ml LANSIER,38425,LAGRIMAS ISOTONICAS,1.4 %,0.82
1156419.0,HISALER D JBE x 60ml,50203,HISALER D,120 mg + 5 mg,0.72
1159012.0,FLUIMUCIL 200mg x 30 SOB. ADULTO,5022,FLUIMUCIL ORAL,200 mg,0.68
1160377.0,IBUPROFENO JBE x 120ml - GENFAR,37539,IBUPROFENO,400 mg,0.61
1164626.0,DOLOFARMALAN 75mg. INY x 5 AMP.,54234,DOLOFARMALAN® FAST,25 mg,0.71
1170712.0,GINGISONA B CAJA x 60 SOBRESX4,57903,GINGISONA B MENTA FRESH,3 mg,0.74
1174740.0,NOXIBEL 30mg x 15 Comp.,39984,NOXIBEL 30,30 mg,0.72
1174847.0,HUMORAP Comp. 20mg x 28,39979,HUMORAP 20,20 mg,0.72
1179775.0,TEGRETOL 2 % JBE x 100 ml,39956,TEGRETOL CR,400 mg,0.63
1184319.0,AMOXIL 500mg x 60ml,37165,AMOXILIP 500,500 mg,0.65
1187661.0,MARVELON x 21 COMP.,54070,MARVELON,0.15 mg + 0.03 mg,0.72
1188775.0,HIPERLIPEN Cáps. x 30,42021,HIPERLIPEN,100 mg,0.69
1194754.0,NOVOCORTIL 1 % CREMA x 20 GR,38614,NOVOCORTIL,1 %,0.66
1199903.0,GLUCOVANCE 500/5.0mg x 30 COMP,42833,GLUCOVANCE,500 mg + 5 mg,0.63
1200128.0,GLUCOPHAGE 850mg x 30 Comp.,34435,GLUCOPHAGE XR,750 mg,0.72
1200770.0,MACRODANTINA 25mg Susp.x 120ml,37710,MACRODANTINA XR 100,100 mg,0.81
1200877.0,DOLORAL GOTAS x 15ml,52553,DOLORAL® FORTE,200 mg/ 5 mL,0.71
1201028.0,GASEOPLUS 80mg GOTAS x 15ml FRESA,42464,GASEOPLUS FRESA,80 mg/ mL,0.62
1202891.0,UNITEARS Gts. x 15ml,42930,UNITEARS MR,1 %,0.77
1203256.0,AQUOL FRESH COLIRIO x 8ml,50127,AQUOL FRESH,0.0125 %,0.71
1206384.0,DOLOMAX 400mg x 20 TABLETAS,38576,DOLOMAX PLUS,,0.61
1206605.0,GASEOVET 80mg x 120 TAB,35148,GASEOVET CB,180 mg,0.69
1213477.0,DEXTROSA 5% x 1000ml - MEDIFARMA,56720,TRES B 1000 NF,100 mg + 100 mg + 1 mg/ 3 mL,0.61
1213584.0,CLORURO DE SODIO 0.9% x 1000ml - MEDIFARMA,43756,CLORURO DE SODIO,20 %,0.69
1216719.0,NORFLEX PLUS x 10 TAB,40410,NORFLEX PLUS,35 mg + 450 mg,0.83
1230905.0,CISTIMICINA 750mg x 10 TAB,45269,CISTIMICINA,500 mg,0.69
1235619.0,BROSOL COMPUESTO SOLUCION FCO x 120ml,46591,BROSOL COMPUESTO,150 mg + 0.1 mg/ 5 mL,0.7
1239540.0,QUANTRUM 500mg x 5Comp.,38532,QUANTRUM,750 mg,0.63
1239754.0,XILONEST S.P. 2% S/EP.x 20ml FRASCO,53027,XILONEST BE S.P. 2% CON EPINEFRINA 1:200 000,2 % + 1:200 000,0.67
1240156.0,SORBAMIN 55 SP  N . F . x 1000 ml.,57550,SORBAMIN 55 SP NF,,0.86
1240691.0,TUSILEXIL JBE x 120ml,10975,TUSILEXIL,,0.7
1249012.0,PANAFLAM FORTE x 100 TAB,39473,PANAFLAM FORTE,,0.74
1260060.0,CLORFENAMINA JBE x 120ml - PORTUGAL,41232,CLORFENAMINA MALEATO,4 mg,0.7
1260384.0,ELECTRORAL NF x 1000ML HIERBA LUISA,50266,ELECTRORAL N.F. SABOR A HIERBA LUISA,,0.81
1263191.0,AEROCAMARA ADULTO,32644,BRONCHO VAXOM ADULTOS,,0.63
1263298.0,AEROCAMARA NIÑOS,48701,BRONCHO-VAXOM NIÑOS,,0.62
1263412.0,REUMODOL FROT. UNG. x 30gr,40798,REUMODOL FORTE,7.6 g + 29 g,0.63
1263519.0,REUMODOL FROT. UNG. x 100gr,40798,REUMODOL FORTE,7.6 g + 29 g,0.62
1273740.0,TETRALAN UNG. OFTALMICO,58611,TETRALAN SP,1 %,0.65
1275219.0,GRAVOL GOTAS x 10ml,35499,GRAVOL 1,50 mg/ mL,0.69
1283747.0,BRONCO AMOXICLIN 500mg x 100 TAB - SIEGFRIED,53135,BRONCO AMOXICLIN 500,500 mg + 8 mg,0.65
1293647.0,ELITON GOTAS x 20ml,38914,ELITON FE 50,50 mg/ mL,0.68
1305605.0,ERITROMICINA 500mg TAB x 100 - PORTUGAL,40226,ERITROMICINA ETILSUCCINATO,250 mg/ 5 mL,0.61
1305712.0,SULFATO FERROSO 300mg.TAB x 100 -PORTUGAL,45014,SULFATO FERROSO,300 mg,0.66
1306612.0,MUCOTRIM DILAT SOLU. GOTAS ORALES x 15ml,56693,MUCOTRIM DILAT FORTE,15 mg + 0.01 mg/ 5 mL,0.71
1306719.0,MUCOTRIM SOLU. GOTAS ORALES x 20ml,56693,MUCOTRIM DILAT FORTE,15 mg + 0.01 mg/ 5 mL,0.63
1312049.0,REUMA FROST x 100gr PORTUGAL,49618,REUMAFROST NF,,0.64
1313270.0,DOLODRAN EXTRA FORTE x 100 TAB - PORTUGAL,56992,DOLOCORDRALAN EXTRA FORTE NF,50 mg + 50 mg + 50 mg + 0.25 mg,0.63
1313698.0,AMOXIDAL DUO 875mg x 98 COMP.,39689,AMOXIDAL DUO 500,500 mg/ 5 mL,0.74
1314598.0,GINGISONA B SPRAY x 15ml,41772,GINGISONA B,3 mg,0.73
1330805.0,GRIPA C JUNIOR x 100 TAB. MAST.,57941,GRIPA C JUNIOR NF,80 mg + 1.25 mg + 0.5 mg,0.75
1335084.0,LIBBERA 5mg CAJA x 100 TAB,56872,LIBBERAFEX® 180,180 mg,0.65
1337212.0,PENTOXIFILINA 400mg x 30 TAB - GEN FAR,56834,PENTOXIFILINA,400 mg,0.63
1338540.0,VOLTAREN 50mg x 100 TAB.,51158,VOLTAREN SR,100 mg,0.63
1343291.0,NEOTROL N F GOTAS OFT.,52211,NEOTROL N.F.,3.5 mg + 6000 UI + 1 mg/ mL,0.75
1345633.0,DENCORUB GEL x 25gr,38962,DENCORUB EXTRA FORTE,29 g/ 100 g + 7.6 g/ 100 g,0.72
1346640.0,PLATSIDERM CREMA x 30gr - PORTUGAL,50429,PLATSIDERM CREMA,1 % + 0.6 %,0.67
1349875.0,MEDICORT 2mg JBE x 100ml,35581,MEDICORTIL,,0.63
1356754.0,BUSCAPINA COMP. AMP x 5ml,56858,BUSCAPINA COMPOSITUM,0.02 g/ 5 mL + 2.5 g/ 5 mL,0.68
1361833.0,FLUIMUCIL 300mg x 5 AMP,5022,FLUIMUCIL ORAL,200 mg,0.69
1364961.0,FLUIMUCIL JBE x 120ml,5022,FLUIMUCIL ORAL,200 mg,0.73
1366868.0,MALTOFER 50mg x150ml JBE,51472,MALTOFER FOL,100 mg + 0.35 mg,0.66
1367233.0,ALERCET D x 100 CAP,58805,ALERCET D NF,5 mg + 120 mg,0.65
1368454.0,SULFADIAZINA DE PLATA 1% CREMA x 30gr - GEN FAR,40212,SULFADIAZINA DE PLATA,1 %,0.75
1370291.0,LECHE DE MAGNESIA PHILIPS x 120ml CIRUELA,42379,LECHE DE MAGNESIA PHILLIPS SABOR CIRUELA,400 mg/ 5 mL,0.84
1373319.0,CLORFENAMINA 4mg x 100 TAB - PORTUGAL,41232,CLORFENAMINA MALEATO,4 mg,0.68
1380084.0,CADITAR 400mg x 10 TABLETAS,40387,CADITAR FLEX,,0.61
1383540.0,NOXOM 500mg x 6 TAB,48259,NOXOM 500,500 mg,0.74
1383647.0,NOXOM JBE x 60 ML,48259,NOXOM 500,500 mg,0.64
1390954.0,DOLOFLAM EXTRA FORTE x 100 TAB,32789,DOLOFLAM EXTRAFORTE,400 mg,0.88
1393119.0,DIPROSPAN FAST INY.,51533,DIPROSPAN FAST,4 mg/ mL,0.88
1402477.0,GYNOCANESTEN 1 DIA 500mg x 1 CP. VAG,44990,GYNOCANESTEN®,1 %,0.61
1404277.0,DYNASTAT IM/IV 40mg. AMP,4165,DYNASTAT,40 mg,0.63
1404926.0,SULCONAR x 30 TAB.,41585,SULCONAR,250 mg/ 25 mg,0.74
1405391.0,BISMUCAR JBE x 150ml FRESA,35789,BISMUCAR ORAL SABOR A FRESA,87.33 mg/ 5 mL,0.74
1411691.0,FUROXONA GOTAS x 20ml.,37379,FUROXONA FORTE,50 mg/ 5 mL,0.73
1411912.0,DECORTEN 4mg/2ml. AMP.,53929,DECORTEN NF,2 mg/ 5 mL,0.7
1416084.0,DEGRALER x 100 TAB - BAGO,53071,DEGRALER ODT,5 mg,0.67
1417205.0,MUCOBIOTIC COMPUESTO x 120ML - SIEGFRIED,51771,MUCOBIOTIC COMPUESTO,7.5 mg + 0.005 mg,0.79
1422819.0,CLENBUVENT EXPECTORANTE JBE x 120ml.,45499,CLENBUVENT EXPECTORANTE,0.005 mg + 7.5 mg/ 5 mL,0.89
1422926.0,CLENBUVENT EXPECTORANTE GOTAS x 15ml.,42699,CLENBUVENT EXPECTORANTE FORTE,0.01 mg + 15 mg/ 5 mL,0.9
1426198.0,BRONCOFLAM BALSAMICO SUSP x 60ml,50190,BRONCOMYCIN BALSAMICO,200 mg + 800 mg + 160 mg,0.64
1432505.0,CEFABRONCOL x 60 CAPSULAS,45374,CEFABRONCOL-S,250 mg/ 5 mL,0.65
1440063.0,REUMA-SOL EXTRAFUERTE x 30gr.,9586,REUMA SOL EXTRAFUERTE,,0.83
1448768.0,LOROPHYN OVULOS x 102 und,57642,LOROPHYN NF,18.9 mg,0.66
1449133.0,CLINDAMICINA 600mg x 25 AMP - DANY,43374,CLINDAMICINA,300 mg,0.65
1452191.0,DORIXINA RELAX x 100 TAB.,49309,DORIXINA RELAX,,0.74
1452519.0,PALTOMIEL INFANTIL x 125ml,49186,BACTEROL INFANTIL,200 mg + 40 mg/ 5 mL,0.6
1466661.0,GESLUTIN PNM 200mg x 10 CAP.,47948,GESLUTIN-PNM,100 mg,0.68
1466768.0,INFECTRIM BALSAMICO SUSP. x 50ml,48890,INFECTRIM BALSAMICO,200 mg + 40 mg + 50 mg/ 5 mL,0.86
1470626.0,SILDENAFILO 50mg x 4 TAB - GENFAR,10017,SILDENAFILO,50 mg,0.62
1470840.0,ORABIOT CL x 10 TABS,38730,ORABIOT CL,,0.67
1480312.0,PENICILINA PROCAINICA 1000 x 10 AMP - VITALIS,51180,PENICILINA G PROCAINICA,1 000 000 UI,0.64
1481961.0,PANADOL EFERVESCENTE x 24 TAB.,56263,PANADOL EFERVESCENTE,500 mg,0.92
1482433.0,BRONCO MEDIMOX 250mg x 105ml GRANDE,42843,BRONCO MEDIMOX 500,500 mg + 4 mg/ 5 mL,0.78
1482647.0,BRONCO AMOXIDIN 250mg x 105ml GRANDE,56759,BRONCO AMOXIDIN 250 NF,250 mg + 4 mg/ 5 mL,0.82
1483868.0,GINOFEM DUO x 6 OVULOS,53330,GINOFEM DUO,500 mg + 100000 UI,0.67
1484661.0,VITAPYRENA FORTE x 50 SOB.(NUEVA),46974,VITAPYRENA FORTE,,0.8
1499275.0,NEOMICINA + BACITRACINA C/CAJA x 20gr - PORTUGAL,51919,NEOMICINA SULFATO + BACITRACINA CINC,0.500 g + 25 000 UI,0.62
1500905.0,BRONCOBUTOL PLUS DIEPHAR x 60 UND,57145,BRONCOBUTOL PLUS NF,2 mg/ 5 mL,0.79
1502056.0,TRIMICOT CREMA x 10gr,26118,TRIMICOT,,0.65
1505833.0,HEMORRODIL NF UNG. x 20GR,58968,HEMORRODIL NF,1 %,0.8
1508961.0,TAMSUCAR 0.4mg x 30 CAP,41744,TAMSUCAR,0.4 mg,0.63
1509005.0,LIBBERA GOTAS x 15ml,56872,LIBBERAFEX® 180,180 mg,0.69
1509112.0,LIBBERA JBE x 60ml,56872,LIBBERAFEX® 180,180 mg,0.79
1509326.0,EVACUOL SOLUCION ORAL x 45ml,46544,BUK SOLUCION ORAL,10 mg + 100 mg/ 5 mL,0.67
1518219.0,BISMUCAR JBE x 150ml CEREZA,40599,BISMUCAR SABOR A CEREZA,262 mg,0.82
1522498.0,LECHE DE MAGNESIA PHILIPS x 120ml KIDS - DURAZNO,26161,LECHE DE MAGNESIA PHILLIPS KIDS SABOR DURAZNO,400 mg/ 5 mL,0.84
1523184.0,NASTIZOL JUNIOR NF x 150 TAB,54032,NASTIZOL JUNIOR NF ANTIGRIPAL,80 mg + 2.5 mg + 1 mg,0.84
1525419.0,BISOLVON 4mg/ml JARABE NIÑOS x 120ml,40942,BISOLVON PARA NIÑOS,4 mg/ 5 mL,0.65
1525847.0,GRAVOL 30mg AMP PEDIATRICO,44041,GRAVOL PEDIATRICO,30 mg/ 3 mL,0.89
1536326.0,DAYFLU NF x 100 CAP.,47013,DAFLON 1000 MG,1000 mg,0.61
1537547.0,DOLOFENAC FLEX AMP x 1ml,55246,DOLOFENAC FLEX,1.5 mg/ mL,0.84
1540391.0,MICROSER 16mg x 40 TAB,39145,MICROSER,24 mg,0.63
1544319.0,FERANIN FOL 1000 x 150GRG,54497,FERANIN FOL,100 mg/ 0.35 mg,0.61
1544640.0,ANEURIN 10 000 AMP x 3ml,51891,ANEURIN 10 000,10 000,0.74
1547019.0,GLUCONATO DE CALCIO 10%/10ml x 25 AMP - DANY,27425,GLUCONATO DE CALCIO,10 %,0.64
1554112.0,MUCOTRIM DILAT x 120ml -ROXFARMA,56693,MUCOTRIM DILAT FORTE,15 mg + 0.01 mg/ 5 mL,0.73
1555975.0,CLARITROMICINA 500mg x 100 TAB - PORTUGAL,2651,CLARITROMICINA,500 mg,0.63
1564654.0,BISMUCAR x 100 TAB - EUROFARMA,40599,BISMUCAR SABOR A CEREZA,262 mg,0.69
1564868.0,CEFACROL IM 1gr x 1 AMP,35141,CEFACROL IM 1000,1000 mg,0.77
1567247.0,ACI BASIC SUSP x 150 ml,48473,ACI BASIC UVA,800 mg + 60 mg/ 10 mL,0.71
1569796.0,ANEURIN 25 000 AMP x 3ml,44182,ANEURIN 5000,100 mg + 100 mg + 5 mg/ 3 mL,0.67
1570526.0,MICOMISIL 1% CREMA x 15 gr,7504,MICOMISIL,1 %,0.63
1575882.0,PALDOLOR EXTRA FORTE x 200 TAB - HERSIL,56765,PALDOLOR EXTRA FORTE F,200 mg + 500 mg,0.81
1577789.0,MUCOSOLVAN 30mg/5ml x 120ml ADULTOS,48918,MUCOSOLVAN COMPOSITUM ADULTOS,15 mg + 0.01 mg/ 5 mL,0.67
1577896.0,MUCOSOLVAN 15mg/5ml x 120ml PEDIATRICO,42545,MUCOSOLVAN COMPOSITUM PEDIATRICO,7.5 mg + 0.005 mg/ 5 mL,0.7
1579810.0,DICLO K 50mg x 100 COMP,43585,DICLO-K 50,50 mg,0.66
1586903.0,CLARIMED 250mg/5ml SUSP x 100ml,40849,CLARIMED 250,250 mg/ 5 mL,0.67
1587047.0,CLARIMED 500mg x 10 TAB,40849,CLARIMED 250,250 mg/ 5 mL,0.73
1587803.0,HEPABIONTA INY. x 3 AMP,48955,HEPABIONTA,,0.62
1589924.0,CLAVUMOX 500mg x 12 TAB,57885,CLAVUMOX 12 HORAS,875 mg + 125 mg,0.75
1592340.0,MICOFLUZOL 150mg x 100 CAP - FARMEDIC,7498,MICOFLUZOL 150,150 mg,0.67
1598382.0,SULFAMED POLVO x 10gr - MEDIFARMA,35067,SULFAMETOXASOL + TRIMETOPRIMA,400 mg + 80 mg/ 5 mL,0.65
1598710.0,BRONCOFLAM BALSAMICO x 100 TAB,50190,BRONCOMYCIN BALSAMICO,200 mg + 800 mg + 160 mg,0.67
1600912.0,BETACORT 4mg/1ml AMP,40858,BETACORT DEPOT,5 mg + 2 mg,0.71
1601484.0,BRONCO MEDIMOX 125mg x 105ml,42145,BRONCO MEDIMOX 125,125 mg + 4 mg/ 5 mL,0.88
1603284.0,DOLO-QUIMAGESICO FLEX CAP x 100,41026,DOLO QUIMAGESICO FLEX,,0.88
1606198.0,"BENALGIN 10,000  NF AMP - LUSA",58339,BENALGIN 10 000 NF,,0.87
1606205.0,DEXA BENALGIN 5000 AMP - LUSA,56606,BENALGIN 1000 NF,50 mg + 50 mg + 1000 mcg,0.7
1606312.0,DOLO BENALGIN AMP - LUSA,49534,DOLO BENALGIN,,0.84
1611170.0,LEVOFLOXACINO 500mg x 7 TAB - GENFAR,40149,LEVOFLOXACINO,500 mg,0.65
1611819.0,MACRODANTINA 100mg CAPS x 120,37710,MACRODANTINA XR 100,100 mg,0.77
1612177.0,LEVOCERT x 100 TAB - MEDIFARMA,40837,LEVOCERT D,2.5 mg + 120 mg,0.63
1613833.0,DIMENHIDRINATO 50mg TAB x 100 - PORTUGAL,40228,DIMENHIDRINATO,50 mg,0.64
1613940.0,DICLOXACILINA 500mg x 100 CAP - PORTUGAL,28125,DICLOXACILINA,500 mg,0.61
1614084.0,NOTIZOL CREMA x 20gr,50392,NOTIZOL B,1 g + 0.1 g + 0.05 g,0.65
1630391.0,COLGATE TRIPLE ACCION x 75ml,52788,TRIPLE ACCION G& R,0.050 g + 1 g + 0.10 g,0.67
1650191.0,AMPICILINA 1gr x 25 AMP - DANY,40238,AMPICILINA,500 mg,0.63
1650840.0,CLARITROMICINA 250mg JBE x 50ml - PORTUGAL,2651,CLARITROMICINA,500 mg,0.62
1654119.0,ANULETTE x 21COMP.,52567,ANULETTE,0.150 mg + 0.03 mg,0.74
1654333.0,MUCOSOLVAN COMP. PEDIATRICO x 120ml,42545,MUCOSOLVAN COMPOSITUM PEDIATRICO,7.5 mg + 0.005 mg/ 5 mL,0.79
1660954.0,PROGENDO 200mg x 30 CAP,46019,PROGENDO,200 mg,0.62
1663975.0,NEUROBION 1000 INY CAJA x 3 AMP,52456,NEUROBION 1000,,0.62
1664554.0,RIGEVIDON 21+7 GRAGEAS,53379,RIGEVIDON 21 + 7,0.15 mg + 0.03 mg,0.74
1673982.0,TROPIVAG x 14 CAP. VAGINAL,59847,ROPIVACAINA,2 mg/ mL,0.61
1676254.0,NOPUCID 10 SHAMPOO 2 EN 1 x 60ml,27971,NOPUCID 10 2 EN 1,,0.79
1676361.0,NOPUCID 10 SHAMPOO 2 EN 1 x 40 SOBRES,27971,NOPUCID 10 2 EN 1,,0.73
1681226.0,AERO SIM COMPUESTO GOTAS x 15ml,38741,AERO SIM COMPUESTO,1 mg + 80 mg/ mL,0.83
1688489.0,TIOCTAN PLUS x 100 TAB,58456,ODASEN PLUS 1000,1000 mg + 50 mg,0.63
1690333.0,NASTIZOL JUNIOR GOTAS x 15ml,41812,NASTIZOL JUNIOR,2 mg + 30 mg + 125 mg,0.8
1690440.0,NASTIZOL JUNIOR JBE x 100ml,41812,NASTIZOL JUNIOR,2 mg + 30 mg + 125 mg,0.81
1691447.0,AMOXIDIN CL 250mg SUSP x 105ml,35444,AMOXIDIN CL 250/62.5,250 mg + 62.5 mg/ 5 mL,0.77
1692454.0,GRAVOL A/P 75mg CAP x 84,37381,GRAVOL A/P,75 mg,0.66
1693675.0,MUCOSOLVAN COMP. ADULTO JBE x 120ml,48918,MUCOSOLVAN COMPOSITUM ADULTOS,15 mg + 0.01 mg/ 5 mL,0.7
1693782.0,DICLOFENACO 75mg x 100 AMP - LABOT,43500,DICLOFENACO,75 mg/ 3 mL,0.61
1703405.0,DIMENHIDRINATO 50mg/5ml x 25AMP - DANY,40228,DIMENHIDRINATO,50 mg,0.67
1704733.0,METAMIZOL SODICO 1gr/2ml x 50 AMP - LABOT,46138,METAMIZOL SODICO,1 g/ 2 mL,0.69
1704947.0,ANEURIN FORTE x 100 GRAGEAS,44305,ANEURIN FORTE NF,100 mg + 200 mg + 1 mg,0.65
1705847.0,AMOX.+ACIDO CLAVUL.500mg x 10 TAB - PORTUGAL,40295,AMOXICILINA + ACIDO CLAVULANICO,250 mg + 62.5 mg/ 5 mL,0.63
1708012.0,DIOXAFLEX CB PLUS x 120 CAP,43887,DIOXAFLEX CB PLUS,50 mg + 4 mg,0.87
1709019.0,SUPRACALM DUO x 60 COMP,41613,SUPRACALM DUO,325 mg/ 37.5 mg,0.82
1712619.0,SUPRACALM 1G x 100 COMP,41613,SUPRACALM DUO,325 mg/ 37.5 mg,0.71
1716326.0,DENTO CD 80ml - TRIPLE ACCION,41389,ANDREWS TRIPLE ACCION,1 g + 1.408 g + 60 mg/ 7.9 g,0.67
1717226.0,MIOFEDROL RELAX x 100 COMP.,40950,MIOFEDROL RELAX PLUS,50 mg + 75 mg + 500 mg,0.84
1719454.0,ERGONEX x 100 TAB - AC FARMA,46044,AEROX SABOR A FRESA,80 mg/ mL,0.63
1720612.0,PYRIDIUM COMPLEX x 100CAP,48605,PYRIDIUM COMPLEX,400 mg + 50 mg,0.88
1720933.0,SILDENAFILO 50mg x 10 TAB - HERSIL,10017,SILDENAFILO,50 mg,0.61
1722298.0,ISOPRINOSINE 250mg/5ml x 120ML,39643,ISOPRINOSINE,500 mg,0.69
1722733.0,MAGALDRAX x 200ML,49139,MAGALDRAX,800 mg + 60 mg/ 10 mL,0.79
1723847.0,DOLO NEUROPRESS FORTE x 60 TAB - PHARMED,48384,DOLO NEUROPRESS FORTE,,0.71
1725326.0,MIOFEDROL RELAX INYECTABLE,40950,MIOFEDROL RELAX PLUS,50 mg + 75 mg + 500 mg,0.84
1750312.0,MAXIMUS PLUS CAJA x 4 DOSIS - HERSIL,58346,MAXIMUS PLUS NF,1500 mg + 10 mcg + 70 mg,0.63
1753654.0,CLARIMED 500mg x 50 TAB,40849,CLARIMED 250,250 mg/ 5 mL,0.73
1759161.0,AMOXICLIN CL 250mg x 60 ml,34174,AMOXICLIN CL 500,500 mg + 125 mg,0.86
1764026.0,PROCOPS 50mg x 10TAB,41889,PROCOPS 50,50 mg,0.67
1764240.0,DERMAFAR CREMA x 35gr,41901,DERMAFAR,,0.65
1764561.0,GRIFANTIL JBE x 60ml,60534,GRIFANTIL NF,160 mg + 1 mg + 5 mg + 2.5 mg,0.72
1773882.0,SULFATO FERROSO JBE x 180ml - IQFARMA,45014,SULFATO FERROSO,300 mg,0.7
1775575.0,"LIBBERA ""D"" x 100 CAP",56872,LIBBERAFEX® 180,180 mg,0.77
1776475.0,MIGRALIVIA x 100 TAB,48542,MIGRALIVIA,250 mg + 250 mg + 65 mg,0.77
1776689.0,MEDRAVOL x 100 TAB,44472,MEDRAVOL,50 mg,0.72
1779610.0,ACIDO FUSIDICO 2% CREMA x 15gr - GEN FAR,40091,ACIDO FUSIDICO,2 %,0.65
1781447.0,BAGOFLOX 500MG x 14 COMP.,41793,BAGOFLOX 500,500 mg,0.77
1781554.0,DEGRALER GOTAS x 15 ML,53071,DEGRALER ODT,5 mg,0.75
1781661.0,DEGRALER JBE x 100 ML,41795,DEGRALER,5 mg,0.65
1781768.0,BAGOFLOX 750mg x 5 TAB,41794,BAGOFLOX 750,750 mg,0.81
1781875.0,GLICENEX DUO 500/5mg x 30 COMP,50422,GLICENEX DUO 500/2.5,500 mg + 2.5 mg,0.82
1782133.0,B-VAT FORTE CAJA x 10 AMP,52087,B-VAT FORTE,,0.69
1782561.0,ELITON VIT GOTAS x 20 ML,34963,ELITON CIP AP,,0.64
1784468.0,"LIBBERA ""D"" JBE x 60 ML",57581,LIBBERA D NEO,5 mg + 120 mg,0.75
1784575.0,"LIBBERA ""D"" GOTAS x 15 ML",57581,LIBBERA D NEO,5 mg + 120 mg,0.71
1785796.0,TOSALBRON ADULTO JBE x 100 ML,48162,TOSALBRON ® ADULTO NF,50 mg/ 5 mL,0.81
1786161.0,BILIOX x 100 CAP,55281,GLIFORMIN 1000 AP,1000 mg,0.61
1786810.0,DOBEXILAB 500mg x 100 CAP,45158,DOBEXILAB 500,500 mg,0.68
1786917.0,FORMILAB 850mg x 30 TAB,47754,FORMILAB® 850,850 mg,0.69
1787275.0,NEXIPRAL 40mg x 16 CAP,46054,NEXIPRAL 40,40 mg,0.67
1793361.0,BENALGIN 1000 x 1 AMP,43606,BENALGIN 1000,,0.86
1794047.0,GENTAMICINA 0.3% GOTAS - VITALINE,42177,GENTAMICINA,0.3 %,0.65
1796061.0,SINCOL GOTAS x 15 ML,57534,SINCOL COMPLEX,0.02 g/ 5 mL + 2.5 g/ 5 mL,0.63
1800277.0,FUCOMISOL 150MG x 2 CAP,47674,FUCOMISOL,150 mg,0.66
1800491.0,ROXTRIM PEDIATRICO x 60 ML,41910,ROXTRIM PEDIATRICO,200 mg + 40 mg/ 5 mL,0.92
1800598.0,CIPROCALMEX 500mg x 100 TAB,42614,CIPROCALMEX,500 mg,0.68
1800819.0,TOPIMICYN UNGUENTO x 14 GR,37925,TOPIMICYN NF,,0.68
1806112.0,ZETALER GOTAS x 15 ML,48421,ZETALER D,5 mg + 30 mg/ 5 mL,0.63
1806433.0,GLICENEX DUO 500/2.5mg x 30 TAB,50422,GLICENEX DUO 500/2.5,500 mg + 2.5 mg,0.87
1806647.0,MICROGYNON x 21 GRAGEAS,52527,MICROGYNON,0.15 mg/ 0.03 mg,0.71
1807226.0,GASEOPLUS 80mg x 15 ML GOTAS,42464,GASEOPLUS FRESA,80 mg/ mL,0.61
1807761.0,FAMILA 28 GRAGEAS,55800,FAMILA 28,0.15 mg + 0.03 mg,0.79
1809561.0,NORFLOXACINO + FENAZOPIRIDINA x 100 CAP-PORTUGAL,49493,NORFLOXACINO + FENAZOPIRIDINA,400 mg + 100 mg,0.75
1813847.0,CATGUT CROMICO 3/0,46007,CLATROMICIN 500,500 mg,0.62
1816440.0,ACIDO ALENDRONICO 70mg x 4 TAB - GEN FAR,39939,ACIDO ALENDRONICO,70 mg,0.62
1819354.0,DOXY-100 CAJA x 100 TABLETAS,46595,DOXY 100 LG,100 mg,0.63
1819782.0,BICARBONATO DE SODIO x 100gr POT - PORTUGAL,37166,BICARBONATO DE SODIO,8.4 %,0.66
1821840.0,CLINDESS DUO x 7 OVULOS,48641,CLINDESS DUO,,0.79
1822091.0,VENOSMIL x 60 CAPSULAS,47672,VENOSMIL,2 %,0.63
1824219.0,LEVONELLE 750mg x 5 TAB,38325,LEVONELLE,500 mg,0.66
1824326.0,LEVONELLE 500mg x 7 TAB,38325,LEVONELLE,500 mg,0.66
1824540.0,TOSALBRON INFANTIL JBE x 100 ML,39131,TOSALBRON INFANTIL,28 mg/ 5 mL,0.83
1837033.0,MOMETASONA CREMA 0.1% TUBO x 15gr- GEN FAR,40171,MOMETASONA FUROATO,0.1 %,0.63
1838903.0,ZETALER D GOTAS x 15 ML,48421,ZETALER D,5 mg + 30 mg/ 5 mL,0.66
1840091.0,LANCIPROX 0.3% GTAS x 5ML,38415,LANCIPROX,0.3 %,0.66
1843440.0,FLUIBRONCOL ORAL 600MG x 20 SOBRES,35547,FLUIBRONCOL ORAL,200 mg/ g,0.74
1851112.0,NASTILAB COMPOSITUM x 100 TAB,55219,NASTILAB® COMPOSITUM G,325 mg + 10 mg + 5 mg + 200 mg,0.8
1854454.0,LACTACYD INFANTIL x 200ML,55187,DOLMACAF® INFANTIL,100 mg/ mL,0.62
1856789.0,ALERCIL JBE x 60ml,39775,ALERCIL 10,10 mg,0.64
1858161.0,COLGATE TRIPLE ACCION x 22 ML,52788,TRIPLE ACCION G& R,0.050 g + 1 g + 0.10 g,0.65
1859603.0,DEXTROMETORFANO JBE x 120ml - IQFARMA,51238,DEXTROMETORFANO BROMHIDRATO,15 mg/ 5 mL,0.65
1859924.0,METAGESIC x 50 COMPRIMIDOS,46219,METAGESIC ODT,325 mg + 37.5 mg,0.72
1862768.0,DIZOLVIN KIDS JBE 15MG x 120ML,59462,DIZOLVIN KIDS,15 mg/ 5 mL,0.7
1863561.0,GASEOVET MS (ANTIACIDO) SUSP. x 220 ML,37598,GASEOVET SABOR A ANIS,80 mg/ mL,0.64
1865682.0,PROSTASIL 0.5MG x 30CAP - HERSIL,61829,PROSTASIL® PLUS,0.5 mg + 0.4 mg,0.66
1872240.0,CLORO ALERGAN GOTAS x 20ml,60765,CLORO ALERGAN,10 mg/ mL,0.67
1876375.0,GASEOVET MS x 140 TAB - MASTICABLES,37599,GASEOVET SABOR A FRESA,80 mg/ mL,0.68
1880126.0,FLATUZYM ADVANCE x 100 CAPSULAS,54999,FLATUZYM ADVANCE,50 mg + 13 mg + 24 mg + 5 mg + 50 mg,0.68
1881882.0,CABESTRILLO COMPUESTO NIÑO,52535,I-PATRIMUL COMPUESTO,20 mcg + 100 mcg/ dosis,0.68
1889303.0,NOVOCORTIL - L CREMA x 15gr,49032,NOVOCORTIL-L® NF,1 % + 1.5 %,0.72
1891033.0,DIOXAFLEX PLUS AMP CAJA x 3 DOSIS,43888,DIOXAFLEX PLUS,75 mg + 4 mg,0.7
1893582.0,ELECTROLUSA PEDIATRICO x 1000ML - FRESA,51963,ELECTRORAL PEDIATRICO SABOR A FRESA,,0.75
1909568.0,UNIFEN GOTAS x 5ML,42930,UNITEARS MR,1 %,0.65
1911298.0,NEONYPOL x 12 OVULOS,43348,NEONYPOL,,0.67
1915440.0,TOBAN F PLUS x 100 TAB,58456,ODASEN PLUS 1000,1000 mg + 50 mg,0.63
1919896.0,GRIPA C MAXIMA POTENCIA x 100 TABS,55052,GRIPA C MAXIMA POTENCIA,500 mg + 15 mg + 5 mg + 2 mg,0.91
1920298.0,AEROX FRESA GOTAS x 15 ML,60238,AEROX SABOR A ANÍS,80 mg/ mL,0.62
1927568.0,AK TROL GOTAS x 5ML,35456,AK TROL NF,,0.65
1934233.0,YODOX ESPUMA x 60ML,38402,YODOX ESPUMA LIMPIADORA,8.5 %,0.77
1938368.0,CABESTRILLO COMPUESTO TALLA S,52535,I-PATRIMUL COMPUESTO,20 mcg + 100 mcg/ dosis,0.62
1939703.0,WELLPORT JBE x 345ML,59245,WELLPORT NF,312.5 mg/ 5 mL + 6.25 mg/ 5 mL + 2.5 mg/ 5 mL,0.68
1944454.0,HEPAFORT IM x 3 AMP,58847,HEPAFORT® NF,(100 mg + 100 mg + 1 mg)/ 3 mL,0.7
1944668.0,SAL DE ANDREWS TRIPLE ACCION x 90 SACHET,41389,ANDREWS TRIPLE ACCION,1 g + 1.408 g + 60 mg/ 7.9 g,0.69
1947689.0,HORTRIN A x 100 TAB - MEDIFARMA,56481,HORTRIN® A NF,200 mg,0.64
1951654.0,COLMIBE 20mg/10mg CAJA  x 30 COMP.,59451,COLMIBE® 20/10,20 mg + 10 mg,0.66
1954247.0,DOLNIX FORTE x 10 CAP - PHARMALAB,49123,DOLNIX FORTE,25 mg + 10 mg,0.66
1960761.0,ANAFLEX MUJER x 150 CAP,38514,ANAFLEX MUJER,25 mg,0.82
1971775.0,MYLANTA II MENTAS SUSP. x 240 ML,60576,MYLANTA DOS MENTA,400 mg + 400 mg + 30 mg/ 5 mL,0.68
1975161.0,COLUFASE SUSP x 30ml,44105,COLUFASE,500 mg,0.67
1975268.0,LIMONADA PURGANTE EVAKUA x 200 ML,48601,LIMONADA PURGANTE MARKOS 2.5MG/100ML,2.5 mg/ 100 mL,0.78
1977068.0,ELECTROLUSA PEDIATRICO x 1000ML ANIS,48950,ELECTRORAL PEDIATRICO SABOR ANIS,,0.74
1977282.0,"BUSCAPINA COMP. ""N"" x 10 COMP",56858,BUSCAPINA COMPOSITUM,0.02 g/ 5 mL + 2.5 g/ 5 mL,0.7
1982682.0,MYLANTA II FRESAS SUSP. x 240 ML,59659,MYLANTA DOS FRESA,400 mg + 400 mg + 30 mg/ 5 mL,0.68
1988410.0,KILACINOX 300MG x 30 CAP,39171,KILACINOX 300,300 mg,0.7
1995824.0,PENICILINA BENZATINICA 1200 x 10 AMP - PHARMAGEN,56761,BENCILPENICILINA BENZATINICA 1.2 MEGA,1 200 000 UI,0.66
1996182.0,PENICILINA PROCAINICA 1000 x 10 AMP - PHARMAGEN,51180,PENICILINA G PROCAINICA,1 000 000 UI,0.62
2003677.0,EVACUOL REGULAR x 250ml,50795,EVACUOL Enema,,0.66
2008505.0,ELITON FE 50 GOTAS x 20 ML,38914,ELITON FE 50,50 mg/ mL,0.73
2008612.0,ELITON FE 50 JBE x 100 ML,38914,ELITON FE 50,50 mg/ mL,0.75
2009398.0,MACRODANTINA XR 100MG x 60 CAPSULAS,37710,MACRODANTINA XR 100,100 mg,0.8
2010342.0,HIOSIMOL COMPUESTO x 100 TAB - LABOFAR,45873,HIOSIMOL COMPUESTO,500 mg + 10 mg,0.67
2014798.0,REFRESKAN - T PLUS 0.5% GOTAS x 15 ML - LANSIER,38418,REFRESKAN – T PLUS,0.5 %,0.66
2016491.0,KITADOL MIGRAÑA x  40 SOBRES x 2 TAB,58749,KITADOL MIGRAÑA,500 mg + 65 mg,0.68
2022042.0,COLGATE TRIPLE ACCION x 150 ML,52788,TRIPLE ACCION G& R,0.050 g + 1 g + 0.10 g,0.64
2024591.0,CLOPIDOGREL 75MG x 14 TAB. - GENFAR,40106,CLOPIDOGREL,75 mg,0.61
2026498.0,MIODEL RELAX x 100 TAB - DELFARMA,54587,MIODEL RELAX NF,450 mg + 35 mg,0.61
2026612.0,SINFLEMAX COMPUESTO PEDIATRICO JBE . x 120 ML,48447,SINFLEMAX COMPUESTO PEDIATRICO,7.5 mg/ 5 mL + 0.005 mg/ 5 mL,0.82
2031898.0,AEROTECH COMPUESTO JBE x 120 ML,57191,HEMORRODIL® COMPUESTO NF,0.2 5 % + 5 %,0.62
2032263.0,CORIFAN 10mg x 1ML AMP,34919,CORIFAN D,4 mg + 60 mg,0.62
2034170.0,ESPONJA NATURAL 3M,53121,ESPONTAL,0.4 mg,0.62
2034819.0,SINFLEMAX COMPUESTO ADULTO JBE x 120 ML,51791,SINFLEMAX COMPUESTO ADULTO,(15 mg + 0.01 mg)/ 5 mL,0.8
2035391.0,ALERGICAL NEO GOTAS x 15ml,42944,ALERGICAL NEO,(2 mg + 5 mg)/ 5 mL,0.77
2042484.0,QUETIAZIC 100mg x 30 COMPRIMIDOS,40719,QUETIAZIC XR,50 mg,0.65
2044826.0,SAL DE ANDREWS TRIPLE ACCION x 30 SOBRES,41389,ANDREWS TRIPLE ACCION,1 g + 1.408 g + 60 mg/ 7.9 g,0.79
2045512.0,NASTIZOL FORTE x 150 COMP.,54029,NASTIZOL FORTE,500 mg + 10 mg + 4 mg,0.82
2048098.0,SILKA MEDIC GEL 1% x 15 GR,40741,SILKA MEDIC,1 %,0.61
2048854.0,CYCLOFEMINA AMPOLLA x 1 UNIDAD,34060,CYCLOFEMINA,25 mg + 5 mg/ 0.5 mL,0.64
2048961.0,DEQUAZOL ORAL 250mg SUSPENSION x 120ML,35124,DEQUAZOL ORAL 500,500 mg,0.72
2050370.0,PENICILINA BENZATINICA 1200 x 10 AMP - LABOT,43645,BENCILPENICILINA BENZATINICA,1 200 000 UI,0.73
2050477.0,CLORFENAMINA 10mg/1ml x 100 AMP - LABOT,21287,CLORFENAMINA MALEATO,4 mg,0.61
2050584.0,DENTIGEL x 8 GR FRAMBUESA,43329,DENTIGEL DEL DR. ZAIDMAN-SABOR A FRAMBUESA,7.5 %,0.68
2050691.0,DEFLAZACORT 6mg x 10 TAB - GEN FAR,55995,DEFLAZACORT,30 mg,0.61
2050805.0,ALERGICAL NEO JBE x 60ml,42944,ALERGICAL NEO,(2 mg + 5 mg)/ 5 mL,0.8
2052277.0,KETOROLACO 60mg x 25 AMP (KETORGES),61342,KETOROLACO TROMETAMINA,30 mg/ mL,0.61
2058861.0,BICARBONATO DE SODIO x 100gr POT - AKY,37166,BICARBONATO DE SODIO,8.4 %,0.71
2063291.0,BICARBONATO DE SODIO x 50gr POT - AKY,37166,BICARBONATO DE SODIO,8.4 %,0.73
2063405.0,PENICILINA BENZATINICA 2 400 000 x 10 - PHARMAGEN,38190,BENCILPENICILINA BENZATINICA,1 200 000 UI,0.69
2063940.0,DOLO TENSODOX 5mg/15mg x 10 TAB,49182,DOLO TENSODOX,5 mg + 15 mg,0.7
2072077.0,NAPROCOP COMPUESTO x 100 TAB,58356,FLAMIPROCT COMPUESTO NF,5 % + 1 %,0.63
2075747.0,TESTOVIRON DEPOT 250mg/1ML AMP,41713,TESTOVIRON DEPOT,250 mg/ mL,0.81
2081291.0,CLAVUTRIM CL 500/125mg x 10 TAB,50462,CLAVUTRIM CL 12H,875 mg + 125 mg,0.65
2086333.0,GYNFLU x 4 TABLETAS,49279,INFLUVAC TETRA,,0.65
2089140.0,VOLTAREN 75mg x 10 AMP,51158,VOLTAREN SR,100 mg,0.65
2096554.0,FERANIN FOL 1000 x 30 GRG,54497,FERANIN FOL,100 mg/ 0.35 mg,0.61
2096768.0,SILDEX 100mg x 1 TAB,38620,SILDEX 100,100 mg,0.67
2096875.0,TERRACORSOL UNG TUBO x 3.5gr,38885,TERRACORSOL,,0.68
2097133.0,DIGESTAL CAJA x 120 CAP,57341,DIGESTAL NF,0.5 mg + 200 mg,0.63
2101135.0,FLAVOXIL 200mg x 20 TAB,53913,FLAVOXIL,200 mg,0.62
2109626.0,METOCLOPRAMIDA 10mg/2ml x 10 AMP - PHARMAGEN,52406,METOCLOPRAMIDA,10 mg/ 2 mL,0.61
2115605.0,LIDOCAINA 2% S/PRESERV. FCO x 20ML,57056,LIDOCAINA 2%(SIN PRESERVANTES),2 %,0.66
2120249.0,CHAO FEBREDOL 500mg x 50 TAB,50045,CHAO FEBREDOL,500 mg,0.63
2120677.0,NONGRIP ANTIGRIPAL CAJA x 120 TABLETAS,42317,NONGRIPP ANTIGRIPAL MAXIMA POTENCIA,500 mg + 5 mg + 2 mg,0.66
2124819.0,BELARA x 21 COMPRIMIDOS,52756,BELARA CD,2 mg + 0.03 mg,0.66
2124926.0,DOLO NEUROBION FORTE NF x 200 CAP,40628,DOLO NEUROBION FORTE,,0.85
2128633.0,VALCOTE ER 500mg x 30 TAB,45638,VALCOTE ER,250 mg,0.67
2129212.0,MOFLAMET CREMA x 15gr,40556,MOFLAMET,0.1 %,0.65
2129640.0,LIMONADA MARKOS LIBRE DE CALORIAS,38673,LIMONADA PURGANTE MARKOS LIBRE DE CALORIAS,,0.98
2129961.0,METAMIZOL SODICO 1gr/2ml x 100 AMP - LABOT,46138,METAMIZOL SODICO,1 g/ 2 mL,0.68
2132377.0,DIMENHIDRINATO 50mg/5ml x 50 AMP - DANY,40228,DIMENHIDRINATO,50 mg,0.66
2136191.0,FUNCADEN 1% CREMA x 20gr,37640,FUNCADEN,600 mg,0.62
2142384.0,TRINALER 200mg/5ml SUSP. ORAL,50810,TRINALER 800,800 mg,0.66
2144405.0,CEFASABAL POLVO LATA x 400gr,35665,AZOCEFASABAL 100,100 mg,0.65
2146312.0,UNIPRED- F x 5ml GOTAS,41821,UNIPRED F,1 %,0.7
2147098.0,GASTROPRAZOL 20mg x 30 CAP,39398,GASTROPRAZOL,20 mg,0.63
2149333.0,PROCTOGEL CREMA x 30 gr,53162,PROCTOGEL,5 % + 2 %,0.66
2150056.0,PROSTADEL LP CAJA x 30 CAP,51790,PROSTADEL LP,0.4 mg,0.63
2151384.0,NEUROBION DC 10 000 AMP CAJA x 3 DOSIS,48650,NEUROBION DC 10000,100 mg + 100 mg + 10 mg,0.64
2157219.0,ORABIOT BALSAMICO FRASCO x 60ml,43032,ORABIOT BALSAMICO,,0.71
2157647.0,CIPROFLOXACINO 200mg/100ml AMP - GP PHARM,47413,CIPROFLOXACINO,200 mg/ 100 mL,0.64
2158226.0,MUPIRODAL 2% UNGÜENTO x 15gr,47851,MUPIRODAL,2 %,0.61
2158975.0,SUCRALMAX SUSP. x 200ml,43982,SUCRALMAX,1 g/ 5 mL,0.68
2159019.0,GINNA CREMA VAGINAL x 40gr + 7 APLICADORES,37563,GINNA CR AL 40G PER,0.02 g/ g,0.64
2159340.0,CODIPRONT EXPECTORANTE FCO x 60ml,55607,CODIPRONT EXPECTORANTE NF,7.5 mg/ 5 mL + 100 mg/ 5 mL,0.93
2162291.0,GLICENEX SR 750mg x 30 TAB,48174,GLICENEX SR 1000,1000 mg,0.77
2164091.0,TRANSAMIN 10% (1gr/10ml) AMP,37168,TRANSAMIN,1 g/ 10 mL,0.65
2164205.0,ACNEBIOT 100mg x 30 TAB,41537,ACNEBIOT,100 mg,0.62
2166219.0,REUMOFLEX NF UNGUENTO x 30gr POTE,45177,REUMOFLEX FORTE,29 g + 7.6 g,0.62
2166861.0,TOBRAZOL DX SUSP. OFTALMICA x 5ml,46810,TOBRAZOL DX,0.3 % + 0.1 %,0.61
2168019.0,RESFRIGRIP x 100 TABLETAS,59066,RESFRIGRIP ANTIGRIPAL,,0.61
2168875.0,UROPOL FORTE x 100 TAB,55078,UROPOL FORTE F,200 mg,0.82
2169561.0,UNIAL GOTAS x 10ml,42874,UNIMOX MR,0.5 %,0.62
2174212.0,SULFACID FORTE x 100 TAB,41826,SULFACID FORTE,800 mg + 160 mg,0.74
2174426.0,ELECTRORAL PEDIATRICO FRESA x 500ml,51963,ELECTRORAL PEDIATRICO SABOR A FRESA,,0.87
2175433.0,NEO SILENAI EXPECTORANTE JBE x 120ml,50297,NEO SILENAI EXPECTORANTE,10 mg + 5 mg + 100 mg/ 5 mL,0.9
2177875.0,PRODERMIC 0.10% UNGTO x 10gr,41522,PRODERMIC,0.1 %,0.61
2179354.0,SILDENAFILO 100mg x 1 TAB - MARFAN,10017,SILDENAFILO,50 mg,0.61
2183098.0,ACIDOR EXTRA RAPID FRASCO x 150ml,39451,ACIDOR EXTRA RAPID,,0.71
2185440.0,PREDNIMASS JBE x 60ml,40294,PREDNIMASS,5 mg,0.65
2187026.0,SILDENAFILO 50mg x 1 TAB - MARFAN,10017,SILDENAFILO,50 mg,0.62
2187561.0,ACNECLIN AP 100mg x 30 CAP,40500,ACNECLIN 100 AP,100 mg,0.83
2188033.0,PREGABALINA 75mg x 30 CAP - GENFAR,38789,PREGABALINA,75 mg,0.61
2188140.0,CARBIDOPA/LEVODOPA 25/250mg x 30TAB - GEN FAR,38785,CARBIDOPA/LEVODOPA,25 mg + 250 mg,0.69
2188461.0,NEO SILENAI PEDIATRICO JBE x 120ml,55801,NEO SILENAI PEDIATRICO F,10 mg + 5 mg/ 5 mL,0.89
2188568.0,PROSTASIL PLUS x 30 CAP,61829,PROSTASIL® PLUS,0.5 mg + 0.4 mg,0.86
2192098.0,PLENICA 75mg x 30 CAP,55347,PLENICA 50,50 mg,0.75
2194226.0,FERROSIL GOTAS x 20 ML,34925,FERROSIL,50 mg/ 5 mL,0.63
2194440.0,NEUROPENTIN 300mg CAJA x 20 CAP,42257,NEUROPENTIN,300 mg,0.62
2195447.0,FUROXINOL 500mg x 10 TAB,38373,FUROXINOL,250 mg/ 5 mL,0.65
2197033.0,AMOX.+ACIDO CLAVUL.500mg x 10 TAB - PHARMAGEN,40295,AMOXICILINA + ACIDO CLAVULANICO,250 mg + 62.5 mg/ 5 mL,0.62
2198254.0,PLENICA 150mg x 30 CAP,34476,PLENICA 150,150 mg,0.77
2201035.0,CEBROCAL 500mg x 10 TAB,51036,CEFUROXIMA 500 MG,500 mg,0.65
2205926.0,CLINDESS DUO x 30 OVULOS,48641,CLINDESS DUO,,0.77
2206070.0,DOLOMAX PLUS x 100 TAB,38576,DOLOMAX PLUS,,0.81
2206177.0,DOLOMAX PLUS x 20 TAB,38576,DOLOMAX PLUS,,0.83
2206391.0,ERGONEX PLUS x 100 TAB,39815,ERGONEX PLUS,100 mg + 1 mg + 300 mg,0.81
2206498.0,DOLOACEMIFEN JBE x 60ml,38714,DOLOACEMIFEN,500 mg,0.69
2206505.0,DOLOACEMIFEN 500mg x 100 TAB,50508,DOLOFEN 500MG,500 mg,0.63
2214063.0,PATANOL SOL. x 5 ML,44320,PATANOL S,0.2 %,0.77
2215498.0,BICARBONATO DE SODIO x 50gr CAJ - VARIOS,37166,BICARBONATO DE SODIO,8.4 %,0.69
2215612.0,BICOLAXAN-T 5mg x 100 TAB,36962,BICOLAXAN T,5 mg,0.63
2221477.0,DOLO NEUROBION FORTE x 3 AMP. PRELLENADA,40628,DOLO NEUROBION FORTE,,0.78
2223170.0,ESCITALOPRAM 10mg x 28 TAB - GEN FAR,38786,ESCITALOPRAM,10 mg,0.62
2224391.0,DEXA NEUROBION DC x 3 DOSIS PRECARGADA,40631,DEXA NEUROBION,,0.64
2224826.0,CIPROFLOX 500mg x 10 TAB,51043,CIPROFAL 500,500 mg,0.61
2226084.0,FLOGOFLEX RELAX x 100 TABLETAS,38729,FLOGOFLEX RELAX,,0.67
2228961.0,TOPIROL 50 50mg x 30 TAB,38970,TOPIROL 50,50 mg,0.69
2229326.0,MENTHOLATUM CARAMELOS SOBRE x 4 UND.,57119,MENTHOLATUM NF,9 % + 1.35 % + 0.33 %,0.63
2229968.0,AMOXICLIN 250mg x 60ml SUSPENSION,34174,AMOXICLIN CL 500,500 mg + 125 mg,0.63
2230477.0,BICARBONATO DE SODIO x 50gr POT - ALKOFARMA,37166,BICARBONATO DE SODIO,8.4 %,0.66
2235519.0,PERMEAFILM x 15ml FRASCO,37328,PERMEAFILM 1.4% LAGRIMAS ARTIFICIALES,1.4 %,0.64
2237533.0,CLORURO DE SODIO 0.9% x 500 ml-ACULIFE,52965,CLORURO DE SODIO,0.9 %,0.73
2237640.0,CLORURO DE SODIO 0.9% x 100ml - MEDIFARMA,43756,CLORURO DE SODIO,20 %,0.7
2237747.0,DIABEMARYL 2mg x 30 TAB,50865,DIABEMARYL M,2 mg + 500 mg,0.69
2237854.0,DIABEMARYL 4mg x 30 TAB,50865,DIABEMARYL M,2 mg + 500 mg,0.69
2238112.0,HIRU HEMAFLAM F x 20gr,49053,HIRU-HEMAFLAM FORTE,0.445 %,0.75
2240484.0,CLAVUTRIM 250mg/5ml x 60ml,54559,CLAVUTRIM 500,500 mg/ 5 mL,0.68
2240698.0,PLATSIDERM CREMA x 20gr - PORTUGAL,50429,PLATSIDERM CREMA,1 % + 0.6 %,0.67
2244626.0,DOLOMAX 400mg x 100 CAP BLANDAS,38576,DOLOMAX PLUS,,0.61
2245740.0,AMIKABIOT 500mg x 3 AMP,35491,AMIKABIOT,500 mg/ 2 mL,0.66
2246640.0,ALERSONA 1% CREMA x 20gr,49096,ALERSONA,1 %,0.62
2247005.0,GLUCOPHAGE XR 500mg x 30 TAB,34435,GLUCOPHAGE XR,750 mg,0.73
2250277.0,LANZOPRAL 30mg CAJA x 30 CAP,45886,LANZOPRAL 30,30 mg,0.7
2252291.0,NEO NISOPREX 15mg/5ml SOL.x 60ml,40321,NEO NISOPREX,15 mg/ 5 mL,0.67
2254633.0,DUO VENTIMAX FCO 10ml INHALADOR x 200 DOSIS,51483,DUO VENTIMAX ECO AEROSOL,100 mcg + 50 mcg,0.7
2255319.0,DOLO MELOXIC x 120 TAB,61988,DOLOMELOXIC 15,15 mg,0.72
2259561.0,COLIRIO EYEMO FRASCO x 8ml,37850,COLIRIO EYE MO,0.05 %,0.75
2260391.0,IBANDROPOROSIS 150mg x 1 TAB,49058,IBANDROPOROSIS®,150 mg,0.67
2266333.0,GESTAGRAMIN x 30COMPRIMIDOS,47589,GESTAGRAMIN,10 mg + 10 mg,0.68
2266547.0,LEVOCTRIM FORTE 750mg CAJA x 7 TAB,53849,LEVOCTRIM FORTE,750 mg,0.61
2270619.0,AMOXICLIN CL 12H 600/42.9mg SUSP. x 75ml,34598,AMOXICLIN CL 12H,875 mg + 125 mg,0.7
2270940.0,DROXILAR 500mg x 48 TAB,36907,DROXILAR,250 mg/ 5 mL,0.62
2271305.0,LEXOBRON 750mg CAJA x 5 COMPRIMIDOS,42164,LEXOBRON 750,750 mg,0.61
2272205.0,GAMALATE NF CAJA x 60 TAB,42682,GAMALATE NF,,0.61
2272312.0,NEURYL PLUS 0.5mg x 30 COMPRIDOS,41815,NEURYL PLUS,0.5 mg,0.62
2278247.0,ELECTRORAL PLUS x 1000ml. FRESA,48973,ELECTRORAL NF SABOR A FRESA,,0.67
2278354.0,NISTAZINC CREMA x 15gr.,55305,NISTAZINC NF,10 000 000 UI + 20 g,0.69
2280412.0,REVERTIR 120mg. x 30CAPS.,51070,REVERTIR,120 mg,0.62
2282854.0,DERMASIDE UNG. x 15gr.,54572,DERMASIDE B,3.5 mg + 400 U.I.+ 5000 U.I./ g.,0.65
2285875.0,QUETIAZIC 25mg x 30 COMPRIMIDOS,40719,QUETIAZIC XR,50 mg,0.66
2288254.0,LIDERMA 0.1% CREMA x 15gr,50429,PLATSIDERM CREMA,1 % + 0.6 %,0.62
2291533.0,NEUROPENTIN 600mg CAJA x 20 TAB,42257,NEUROPENTIN,300 mg,0.62
2292861.0,IRBET T 300mg CAJA x 28 TAB,42322,IRBETT 300,300 mg,0.64
2294019.0,ALENDROPOROSIS 70mg CAJA x 4 TAB,53945,ALENDROPOROSIS,70 mg,0.61
2294661.0,ELECTRORAL ADVANCE x 1000ml,44685,CEFACROL IV 1000,1 g,0.66
2298368.0,CLORFENAMINA 10mg/1ml IM IV x 25 AMP - DANY,41232,CLORFENAMINA MALEATO,4 mg,0.63
2299161.0,CLENBUVENT EXPECTORANTE FORTE JBE x 120 ml,42699,CLENBUVENT EXPECTORANTE FORTE,0.01 mg + 15 mg/ 5 mL,0.92
2300035.0,AMOXICLIN CL 500mg/125mg x 48 TAB,34174,AMOXICLIN CL 500,500 mg + 125 mg,0.67
2300463.0,MICO DERMASAN 1% TUBO x 20 GR,38716,MICO DERMASAN,1 %,0.63
2301042.0,BETASERC 24mg x 20 TAB,43963,BETASERC,24 mg,0.63
2305719.0,BRONCO AMOXIDIN 250mg/5ml x 60ml SUSP.,49473,BRONCO AMOXIDIN 250,250 mg + 150 mg/ 5 mL,0.79
2307084.0,ZATRIX 2mg x 20TAB,40429,ZATRIX SL,0.25 mg,0.62
2308205.0,MULTIBIOTICOS MIEL CAJA x 25 SOBRES,44312,MULTI-BIOTICOS SABOR A NARANJA,0.25 mg + 10 mg,0.66
2310149.0,NEUROBION 5000 x 60 TABLETAS,52467,NEUROFOR 5000 TRIPLE,100 mg + 100 mg + 5000 mcg,0.62
2310684.0,LACTUFAR SOLUCION ORAL x 180ml,46544,BUK SOLUCION ORAL,10 mg + 100 mg/ 5 mL,0.64
2312698.0,CARBATROL 200mg CAJA x 20 TAB,52632,CARBATROL CR,400 mg,0.64
2313712.0,AMOXICLIN CL 12H 875mg x 14 TAB,34598,AMOXICLIN CL 12H,875 mg + 125 mg,0.78
2316084.0,BRUT COLONIA SPORT x 100ml,46544,BUK SOLUCION ORAL,10 mg + 100 mg/ 5 mL,0.61
2317205.0,FLUIBRONCOL 100mg FRASCO x 120ml,35547,FLUIBRONCOL ORAL,200 mg/ g,0.72
2317312.0,VARIDERM GEL x 40gr,49117,QUADRIDERM EXTRA,,0.63
2321591.0,CETAXEL 1gr AMP IM,41862,CETAXEL IM 1000,1 g,0.61
2324512.0,ELECTROSOL FRESA x 1000 ml FRASCO,50482,ELECTRORAL NF SABOR A ANIS,,0.64
2325084.0,REUMA-SOL EXTRAFUERTE FRASCO x 100gr,9586,REUMA SOL EXTRAFUERTE,,0.71
2328433.0,AMIKABIOT 1gr x 3 AMP,35491,AMIKABIOT,500 mg/ 2 mL,0.7
2333405.0,PEDIALYTE 30 SABOR A CEREZA x 500 ML,39682,LIPEBIN SABOR A CEREZA,3.33 g/ 5 mL,0.62
2339554.0,CLORURO DE SODIO 0.9% x 250ml-ACULIFE,52965,CLORURO DE SODIO,0.9 %,0.74
2341391.0,ASPIRINA 100mg x 100 TABLETAS,46469,ASPIRINA 100,100 mg,0.69
2341498.0,ASPIRINA ULTRA 500mg x 100 TAB,46032,ASPIRINA ULTRA,500 mg,0.74
2341612.0,NEO SILENAI JBE x 120ml,38837,NEO SILENAI,10 mg + 5 mL + 2 mg/ 5 mL,0.75
2342077.0,VASOTENAL EZ 20/10mg CAJA x 30 COMPRIMIDOS,41007,VASOTENAL EZ 20/10,20 mg + 10 mg,0.69
2342405.0,DOLODIC RETARD x 100 TAB,41403,DOLODIC RETARD,100 mg,0.74
2342512.0,MIGRAPAC x 30 TAB,39812,MIGRAPAC,,0.64
2343947.0,AMOXICLIN 500mg x 96 TAB,34174,AMOXICLIN CL 500,500 mg + 125 mg,0.75
2344091.0,IRBETIAZID 300mg CAJA x 28 TAB,42318,IRBETIAZID 300,300 mg + 12.5 mg,0.74
2345426.0,CADITAR MIO x 50 TAB RECUBIERTAS,46699,CADITAR MIO,,0.61
2349561.0,LAVADO DE OÍDO,59972,CLORURO DE SODIO,0.9 %,0.72
2350284.0,DOXY 100 LG CAJA x 10 CAP,46595,DOXY 100 LG,100 mg,0.71
2350826.0,FLUTICASONA 50MCG - C/AEROSOL -,47753,FLUTICASONA,125 mmcg/ dosis,0.69
2351077.0,CEFUROXIMA 500mg x 10 TAB - PHARMAGEN,51036,CEFUROXIMA 500 MG,500 mg,0.62
2352298.0,BICARBONATO DE SODIO x 50gr ZIP - PORTUGAL,37166,BICARBONATO DE SODIO,8.4 %,0.67
2353740.0,GLUCOPHAGE XR 1000 x 30 COMPRIMIDOS,34435,GLUCOPHAGE XR,750 mg,0.64
2353954.0,AEROLISIN GOTAS ANIS x 15ml,38768,AEROLISIN SABOR A ANIS,80 mg/ mL,0.69
2354105.0,APETICOMPLEX JBE x 345ml,49945,APETICOMPLEX,,0.67
2356654.0,TOSALFLEM JBE x 120ml,45768,TOSALFLEM,1.25 mg + 30 mg + 10 mg,0.7
2356761.0,AMIGDAZOL B 0.15% SPRAY FCO x 20ml,43705,AMIGDAZOL B,0.15 %,0.61
2359140.0,HIDROXOCOBALAMINA 1mg/1ml x 25 AMP - LUSA,45511,HIDROXOCOBALAMINA,1 mg/ mL,0.72
2359354.0,PANADOL ANTIGRIPAL CAJA x 104 TAB - (52 SOBRES x 2),54313,PANADOL ANTIGRIPAL NF,500 mg + 5 mg + 2 mg,0.66
2359568.0,AEROLISIN GOTAS FRESA x 15ml,49561,AEROLISIN SABOR A FRESA,80 mg/ mL,0.71
2360184.0,TELDANE 180mg CAJA x 10 TAB,45152,TELDANE 120 MG,120 mg,0.69
2368247.0,ELECTRORAL ADVANCE FCO x 500ml,48973,ELECTRORAL NF SABOR A FRESA,,0.63
2369896.0,DOLO ANEURIN CAJA x 100 TAB,57880,DOLO ANEURIN NF,,0.62
2371091.0,COLPOSCOPIA,41156,COLPOTROPHINE,1 %,0.67
2371198.0,CLAVOXILIN PLUS 1GR x 48 COMP.,44684,CLAVOXILIN PLUS,1 g,0.68
2371205.0,LEVOALLERGY 5mg x 100 TAB,48987,LEVOALLERGY,5 mg,0.61
2371954.0,CLINOTRIN 3 150mg/ml AMP,44553,CLINOTRIN 3,150 mg/ mL,0.75
2372098.0,GASEOVET MS x 40 TAB - MASTICABLES,37599,GASEOVET SABOR A FRESA,80 mg/ mL,0.69
2372319.0,ECOGRAFIA DE RINON,59972,CLORURO DE SODIO,0.9 %,0.63
2372961.0,NISTAZINC CREMA x 30gr.,55305,NISTAZINC NF,10 000 000 UI + 20 g,0.69
2373219.0,AZITRAL 200mg/5mlx30ml SUSP,45906,AZITRAL 200,200 mg/ 5 mL,0.69
2373754.0,METFORTABS XR 1000mg x 30 TAB,40733,METFORTABS XR,1000 mg,0.62
2375340.0,CEFUROXIMA 500mg x 50 TAB - AC FARMA,51036,CEFUROXIMA 500 MG,500 mg,0.63
2375661.0,GASEOVET FORTE GOTAS x 15ml FRESA,45635,GASEOVET FORTE SABOR FRESA,100 mg/ mL,0.85
2375768.0,GASEOVET FORTE GOTAS x 15ml ANIS,45634,GASEOVET FORTE SABOR ANIS,100 mg/ mL,0.84
2376668.0,ELECTRORAL PLUS x 500ml FRESA,48973,ELECTRORAL NF SABOR A FRESA,,0.68
2377889.0,GASEOVET CB 125mg x 10 CAP BLANDAS,37598,GASEOVET SABOR A ANIS,80 mg/ mL,0.65
2377996.0,METAGESIC ODT x 20 COMPRIMIDOS,46219,METAGESIC ODT,325 mg + 37.5 mg,0.7
2378147.0,UROCIT-K x 100 TAB,41429,UROCIT K 10,1080 mg,0.81
2378896.0,REUMA-SOL EXTRAFUERTE FRASCO x 20gr,9586,REUMA SOL EXTRAFUERTE,,0.73
2379475.0,VITACOSE PLUS AMP,46404,VITACOSE PLUS,,0.87
2379910.0,LAFI-TIL 7 1% CREMA x 15gr,47802,LAFI-TIL 7,1 %,0.65
2381105.0,AMOXICLIN 500mg x 60ml SUSPENSION,34174,AMOXICLIN CL 500,500 mg + 125 mg,0.63
2382112.0,ORATADINA ALLERGY FRASCO x 60ml,46384,ORATADINA ALLERGY,10 mg,0.71
2384019.0,DOLOCORDRALAN EXTRA FORTE x 50 TABS,50912,DOLOCORDRALAN EXTRA FORTE,500 mg + 50 mg,0.83
2385026.0,DEXABRON PLUS CAJA x 100 TABS,57232,DEXABRON PLUS COMPUESTO,500 mg + 5 mg + 2 mg,0.62
2387147.0,ROXTIL B CREMA x 20gr,43682,ROXTIL B,1 % + 0.1 % + 0.05 %,0.65
2387575.0,DESLORATADINA 5mg x 10 TAB - GENFAR,40165,DESLORATADINA,5 mg,0.67
2388154.0,FLOGOCOX 90mg CAJA x 14 TABS,47402,FLOGOCOX® 90,90 mg,0.66
2388261.0,FLOGOCOX 120mg CAJA x 7 TABS,47403,FLOGOCOX®120,120 mg,0.66
2388475.0,GLICENEX SR 1000 x 30 TAB,48174,GLICENEX SR 1000,1000 mg,0.88
2388582.0,PROCOPS 100mg x 10TAB,47887,PROCOPS 100,100 mg,0.69
2389810.0,BICARBONATO DE SODIO x 100gr POT - ALKOFARMA,37166,BICARBONATO DE SODIO,8.4 %,0.65
2391861.0,DOLODIC CREMA GEL 1% TUBO x 50gr,49569,DOLODIC CREMAGEL,1 %,0.68
2392654.0,ACIDO ACETILSALICILICO 100mg x 100 TAB - GEN FAR,42051,ACIDO ACETILSALICILICO,100 mg,0.75
2392761.0,LEVOFLOXACINO 750mg x 5 TAB - GEN FAR,40149,LEVOFLOXACINO,500 mg,0.64
2393661.0,TAPSIN CALIENTE PLUS NOCHE x 20 SOBRES,41568,TAPSIN PLUS CALIENTE NOCHE,650 mg + 4 mg + 20 mg,0.76
2395568.0,BISMUCAR JBE x 360ml - FRESA,35789,BISMUCAR ORAL SABOR A FRESA,87.33 mg/ 5 mL,0.74
2399061.0,BISMUCAR JBE x 340ml FRESA,35789,BISMUCAR ORAL SABOR A FRESA,87.33 mg/ 5 mL,0.74
2402705.0,SULFANIL FORTE CREMA x 20gr,49158,SULFANIL FORTE,1.0 g + 0.6 g,0.68
2405940.0,GLUCOVANCE 500/2.5mg x 30 TABS,42833,GLUCOVANCE,500 mg + 5 mg,0.63
2406412.0,METFORTABS 500mg x 30 TAB,40733,METFORTABS XR,1000 mg,0.63
2406626.0,QUETOROL 60mg x 1 AMP,50204,QUETOROL 60,60 mg/ 2 mL,0.79
2406840.0,PENICILINA BENZATINICA 1200 x 10 AMP - DANY,56761,BENCILPENICILINA BENZATINICA 1.2 MEGA,1 200 000 UI,0.7
2407740.0,MANDIL ESTERIL PARA USO MEDICO,61217,AGUA ESTERIL PARA INYECCIÓN,,0.61
2408098.0,MEJORALITO SUSP. INFANTIL 160/5ml x 60ml,43544,MEJORALITO INFANTIL,120 mg/ 5 mL,0.67
2408105.0,MEJORALITO INFANTIL GOTAS x 15ml,43544,MEJORALITO INFANTIL,120 mg/ 5 mL,0.75
2410477.0,NISACORTEC 50mg CAJA x 50 TABS,45676,NISACORTEC 50,50 mg,0.6
2411705.0,PENICILINA PROCAINICA 1000 x 10 AMP - DANY,51180,PENICILINA G PROCAINICA,1 000 000 UI,0.67
2413719.0,CARDIOTON R CAJA x 100 TABS,49629,CARDIOTON R,100 mg,0.68
2414833.0,CLARIMED 125mg/5ml SUSP x 60ml,40849,CLARIMED 250,250 mg/ 5 mL,0.69
2415305.0,GASEOVET CB 125mg x 100 CAP,35148,GASEOVET CB,180 mg,0.68
2415626.0,DONAFAN FORTE 2mg x 100 TAB,49159,DONAFAN FORTE,2 mg,0.65
2416740.0,NEOTRACINA PLUS CREMA TUBO x 15gr,45982,NEOTRACINA PLUS,0.35 g + 40000 UI + 500000 UI,0.62
2418433.0,VALYC 500mg x 10 TAB (VALACICLOVIR),59569,VALACICLOVIR,500 mg,0.63
2419012.0,CODEINA FOSFATO 15mg/5ml JBE x 60ml,38987,CODEINA FOSFATO,15 mg/ 5 mL,0.71
2420484.0,ORFENADRINA 60mg x 25 AMP - DANY,41232,CLORFENAMINA MALEATO,4 mg,0.62
2421170.0,BICERTO 150mg x 10 CAP,54948,BIRATO 500 FCT,500 mg,0.61
2421384.0,ONY-TEC x 3.3ml,41817,ONY TEC,8 %,0.7
2423833.0,BEPANTHEN CREMA x 100gr,49677,BEPANTHEN PLUS,5 % + 0.5 %,0.64
2423940.0,NISTAGLOS UNGUENTO x 15gr,54846,NISTAGLOS,(10 000 000 UI + 20 g)/ 100 g,0.63
2426105.0,CLENXOL F CAJA x 100 TABS,49000,CLENXOL F,30 mg + 0.02 mg,0.63
2427968.0,TRIMETABOL CIP SOL. ORAL x 100ml,49253,TRIMETABOL CIP,312.5 mg + 6.25 mg + 2.5 mg/ 5,0.72
2429447.0,AQUATOP CREMA x 250gr,46803,ALBUREX 20,20 %,0.62
2432184.0,DICLOFENACO 75mg x 10 AMP - (DICLOFIX),59701,DICLOFENACO SÓDICO,75 mg/ 3 mL,0.63
2432291.0,LINCOMICINA 600mg x 25 AMP - LUSA,50171,LINCOMICINA,600 mg/ 2 mL,0.62
2433519.0,ESPASMO ANTALGINA TAB x 100,37710,MACRODANTINA XR 100,100 mg,0.61
2441077.0,PALA FIEBRE 120mg x 60ml - HERSIL,50411,PALA® FIEBRE,120 mg/ 5 mL,0.62
2442305.0,SULFANIL POLVO x 5gr,49158,SULFANIL FORTE,1.0 g + 0.6 g,0.65
2443312.0,BROMURO DE IPRATROPIO 20 MCG/INH x 100 DOSIS - PHARMAGEN,40586,BROMURO DE IPRATROPIO,20 mcg/ dosis,0.67
2444098.0,PROMESTINE CREMA VAG. TUBO x 15gr,58507,ERGOMETRINA MALEATO,0.2 mg/ mL,0.61
2446012.0,FLAMODIL FORTE NF x 15gr,49157,FLAMODIL FORTE NF,0.445 %,0.83
2446333.0,CEFABRONCOL - S 250mg x 60ml,45374,CEFABRONCOL-S,250 mg/ 5 mL,0.73
2447126.0,METAMIZOL SODICO 1gr/2ml x 25 AMP - LUSA,61978,METAMIZOL SODICO,1 mg/ 2 mL,0.7
2448240.0,BRONCOXAN DILAT JBE x 120ml - MEDIFARMA,35617,BRONCOXAN DILAT,,0.68
2448347.0,AMOXIDIN CL 600/42.9mg SUSP x 100ml - MEDIFARMA,49673,AMOXIDIN CL 600/42.9,600 mg + 42.9 mg/ 5 mL,0.69
2453426.0,VISTA-TEARS 0.3% x 10ml,48565,VISTA - TEARS,0.3 %,0.65
2457775.0,SAMAY ZZZ CAJA x 50 CAP,60190,SAMAY ZZZ,50 mg,0.66
2460084.0,CLORURO DE SODIO 0.9% x 100ml - PHARMAGEN,37694,CLORURO DE SODIO,20 %,0.7
2463112.0,HIOSCINA N-BUTIL BROMURO x 10 AMP.(PASMODAN)-DANY,41644,HIOSCINA BUTIL BROMURO,10 mg,0.67
2463540.0,CLAVUMOX 400mg x 100ml SUSP,46849,CLAVUMOX® 600,600 mg + 42.9 mg/ 5 mL,0.66
2467889.0,AGUA DESTILADA x 1 LITRO - MEDIFARMA,58677,AGUA ESTÉRIL PARA INYECCIÓN,,0.64
2468361.0,LEVOFLOXACINO 500mg x 100 TAB - PORTUGAL,51133,LEVOFLOXACINO,500 mg,0.61
2468468.0,GLIBENCLAMIDA 5mg x 100 TAB - PORTUGAL,51132,GLIBENCLAMIDA,5 mg,0.63
2469475.0,METFORTABS XR 500mg x 30 TAB,40733,METFORTABS XR,1000 mg,0.63
2470091.0,GERMIDERM C x 20gr - ROWE,46444,GERMIDERM C,1 g + 0.05 g + 0.1 g,0.65
2471098.0,ABRILAR JBE x 200ml,46803,ALBUREX 20,20 %,0.65
2473012.0,CONSULTA MEDICA - PEDIATRIA,51233,MUCOSEC PEDIATRICO,15 mg/ 5 mL,0.65
2473333.0,DOLO-QUIMAGESICO AEROSOL x 85ml,41026,DOLO QUIMAGESICO FLEX,,0.81
2474661.0,DICLOFENACO 75mg x 100 AMP - DANY,39236,DICLOFENACO,1 %,0.62
2476889.0,DOLOCORDRALAN FORTE 2% GEL x 50GR,52244,DOLOCORDRALAN FORTE 2%,2 %,0.79
2478475.0,SALES DE REHIDRATACION ORAL x 25 SOB - PHARMAGEN,42424,SALES DE REHIDRATACION ORAL,2.5 g + 1.5 g + 2.9 g + 13.5 g,0.84
2478796.0,MULTIBIOTICOS CHICHA x 25 SOBRES S/AZUCAR,44184,MULTI-BIOTICOS SABOR A MENTOL/EUCALIPTOL,0.25 mg + 10 mg,0.64
2478803.0,NORFLEX x 10 TABS,40410,NORFLEX PLUS,35 mg + 450 mg,0.72
2482868.0,DOLORAL FORTE SUSPENSION x 60ml,52553,DOLORAL® FORTE,200 mg/ 5 mL,0.69
2483982.0,HIRUDOID FORTE 25g GEL,41128,HIRUDOID FORTE,0.445 %,0.78
2484240.0,MASTOCID 1% SPRAY x 20ml,48296,PANTOCID 20,20 mg,0.63
2484347.0,BENGUE 1% (DICLOFENACO) x 60GR,43555,DICLOFENACO,1 %,0.68
2485889.0,HIOSCINA N-BUTIL BROMURO 20mg x 25 AMP.-DANY,41644,HIOSCINA BUTIL BROMURO,10 mg,0.7
2486147.0,KETRAGESICO FORTE 3% x 50g - SHERFARMA,51959,KETRAGESICO FORTE,3 %,0.65
2487154.0,DICLOFENACO 75mg x 100 AMP - DIPHASAC,52003,DICLOFENACO SODICO,100 mg,0.67
2488589.0,CLORFENAMINA 10mg/1ml x 10 AMP.-(CLORFEDAN)-DANY,41232,CLORFENAMINA MALEATO,4 mg,0.65
2489061.0,RAQUIFEROL D3 CAP BLANDAS x 30 UNID.,52136,RAQUIFEROL ® D3 CB,10 000 UI,0.73
2489382.0,LANZOPRAL HELI-PACK x 14 BLISTER,51536,LANZOPRAL HELI-PACK,30 mg + 500 mg + 500 mg,0.73
2489489.0,CLORFENAMINA 4mg x 100 TAB.- QUILAB,41232,CLORFENAMINA MALEATO,4 mg,0.67
2491547.0,AMLODIPRESS 5mg CAJA x 30 TABS,47310,AMLODIPRESS,5 mg,0.64
2492019.0,PENICILINA BENZATINICA 2 400 000 x 10 - DANY,56761,BENCILPENICILINA BENZATINICA 1.2 MEGA,1 200 000 UI,0.67
2493240.0,MUCOTRIM FORTE 30mg/5ml JBE x 100ml,49995,MUCOTRIM FORTE,30 mg/ 5 mL,0.68
2493454.0,FRUTENZIMA FORTE CAJA x 120 COMPRIMIDOS,53127,FRUTENZIMA FORTE,172 mg + 80 mg,0.68
2496582.0,NEUROFOR 5000 TRIPLE SOL.INY. x 3ml x 10 AMP,52467,NEUROFOR 5000 TRIPLE,100 mg + 100 mg + 5000 mcg,0.75
2497054.0,HYLO-GEL COLIRIO x 10ml,37850,COLIRIO EYE MO,0.05 %,0.66
2497268.0,DEXTROMETORFANO JBE x 120ml - QUILAB,51238,DEXTROMETORFANO BROMHIDRATO,15 mg/ 5 mL,0.66
2498061.0,METAMIZOL SODICO 1gr/2ml x 10 AMP - VITALIS,38559,METAMIZOL SODICO,1 g/ 2 mL,0.67
2498489.0,AMOXIDAL DUO 1g x 20 COMP - MEGALABS,45060,AMOXIDAL DUO 250,250 mg/ 5 mL,0.7
2499610.0,AMOXICILINA +BROMHEXINA 250mg SUSP. x 60ml-PORTUGAL,55397,AMOXICILINA + BROMHEXINA NF,500 mg + 8 mg,0.63
2500263.0,TAPSIN CALIENTE PLUS NOCHE C/KION x 60 SOBRES,54838,"TAPSIN PLUS CALIENTE NOCHE SABOR KION , LIMON Y MIEL",650 mg + 20 mg + 4 mg,0.74
2500370.0,TAPSIN CALIENTE PLUS DIA x 60 SOBRES,56583,TAPSIN FLU CALIENTE DIA,500 mg + 200 mg + 10 mg,0.74
2500912.0,SEDAL ACOND. HIDRATACION LIGERA x 340ml,42424,SALES DE REHIDRATACION ORAL,2.5 g + 1.5 g + 2.9 g + 13.5 g,0.65
2501698.0,ATROPINA SULFATO 1% SOL.OFT - LANSIER,46025,ATROPINA SULFATO,1 %,0.75
2501812.0,NOVOCORTIL 250MG VIAL - AC FARMA,49032,NOVOCORTIL-L® NF,1 % + 1.5 %,0.69
2502491.0,SYSTALAN SOL.OFTALMICA x 15ml,41704,SYSTALAN ULTRA,,0.67
2503391.0,NEOMICINA +BACITRACINA UNG. x 15gr -PORTUGAL,51919,NEOMICINA SULFATO + BACITRACINA CINC,0.500 g + 25 000 UI,0.61
2503498.0,ALERCHEK PLUS 10MG x 30 CAP - BONAPHARM,40702,ALERCHECK PLUS,10 mg,0.61
2503505.0,COLMAR FORTE x 100TAB - GABBLAN,52605,COLMAR RELAX,50 mg + 500 mg + 75 mg,0.64
2503612.0,ALERGICAL SF JBE x 110ml,26169,ALERGICAL SF,,0.77
2505084.0,FREEGEN GEL 1% FRASCO x 15ml,36863,FREEGEN GEL,1 %,0.68
2506198.0,SULFACID BALSAMICO x 100 TAB,49910,SULFACID BALSAMICO,800 mg + 160 mg + 200 mg,0.88
2506205.0,DOLOIBUPRESS FORTE x 100TAB - PHARMED,53163,DOLOIBUPRESS FORTE,200 mg + 500 mg,0.68
2507854.0,VITAENERGY ADULTO x 20 TAB. EFERVESCENTE,43929,PANADOL EFERVESCENTE,500 mg,0.61
2508219.0,CLAVUTRIM 1gr x 7 TAB - PORTUGAL,50206,CLAVUTRIM CL,250 mg + 62.5 mg/ 5 mL,0.62
2508433.0,BAGOMICINA 100MG x 30 COM - BAGO,49539,BAGOMICINA 100,100 mg,0.74
2509226.0,GESICO DUO x 10COMP - EUROFARMA,53486,GESICO DUO,37.5 mg + 325 mg,0.61
2509761.0,PENETRO FORTE x 30GR,54880,PENETRO FORTE,15 g + 10 g,0.89
2509868.0,DEXABRON PLUS ANTIGRIPAL x 30 SOBRES,52861,DEXABRON PLUS ANTIGRIPAL,500 mg + 20 mg + 10 mg + 50 mg,0.9
2510270.0,CLORINCORT-P UNG.OFT. 3.5G - LANSIER,55759,CLORINCORT - P NF,40000 UI + 1 g + 0.35 g + 1000000 UI,0.72
2510698.0,STERI-STRIP - 3M,55501,RESFRIGRIP DM,,0.62
2510705.0,SONDA NELATON # 14,41082,ONDANSETRON,8 mg/ 4 mL,0.67
2510812.0,SONDA NELATON # 16,41082,ONDANSETRON,8 mg/ 4 mL,0.67
2511384.0,REFLEXAN 5mg CAJA x 20 TABS,44867,REFLEXAN 5,5 mg,0.64
2512070.0,PLATSIDERM CREMA x 50gr - PORTUGAL,50429,PLATSIDERM CREMA,1 % + 0.6 %,0.77
2512498.0,HIOSCINA BUTIL BROMURO 10mgx100 TAB - ACFARMA,53838,HIOSCINA BUTILBROMURO,10 mg,0.76
2512505.0,FLUIBRONCOL 300mg x 3 AMP,35547,FLUIBRONCOL ORAL,200 mg/ g,0.73
2513398.0,TRINALER 200MG x 50 COMP,50810,TRINALER 800,800 mg,0.71
2513405.0,RINOFLUIMUCIL SOLUCION NASAL x 10ml,48490,RINOFLUIMUCIL,10 mg/ mL,0.64
2513833.0,HYALO COMFORT FRASCO x 10ml,43315,HYALO COMFORT,0.4 %,0.65
2514191.0,AQUOL FRESH COLIRIO x 15ml,50127,AQUOL FRESH,0.0125 %,0.69
2514305.0,COLGATE TRIPLE ACCION x 37 ml,52788,TRIPLE ACCION G& R,0.050 g + 1 g + 0.10 g,0.65
2515205.0,ESPASMEX COMPUESTO CAJA x 60 TABS,41322,ESPASMEX COMPUESTO,10 mg + 500 mg,0.71
2515312.0,ECOCARDIOGRAMA,38808,CARDIMAX,6 mg/ 2 mL,0.64
2516319.0,LOPIROX LACA PARA UÑAS 8%FCO x 4ml,46847,LOPIROX LACA PARA UÑAS 8%,80 mg,0.94
2516747.0,PANTODERM CREMA x 30gr,50429,PLATSIDERM CREMA,1 % + 0.6 %,0.68
2518440.0,KETOROLACO 10mg x 100 TAB - PERUFARMA,57576,KETOROLACO TROMETAMINA,10 mg,0.63
2518654.0,MOXIFLOXACINO 400mg x 5 TAB - DIPHASAC,51995,MOXIFLOXACINO,400 mg,0.63
2519019.0,SIMVASTATINA 20mg x 10 TAB - GENFAR,40210,SIMVASTATINA,20 mg,0.63
2520384.0,MORASS PLUS 20mg CAJA x 30 TAB,41514,MORASS PLUS 20/12.5,20 mg + 12.5 mg,0.7
2520598.0,CARDIVAS 6.25MG x 30 TAB - SUN PHARMA,53424,CARDIVAS 6.25,6.25 mg,0.62
2520712.0,MIGRA DORIXINA x 50 TAB - MEGALABS,7544,MIGRADORIXINA,,0.68
2521498.0,CLOBENATE 0.05% CREMA x 25gr,59929,CLARIMAX 250,250 mg/ 5 mL,0.63
2525319.0,LIBBERA FEX SUSPENSION x 150ml,56872,LIBBERAFEX® 180,180 mg,0.69
2526647.0,LEVOCERT D GOTAS FRASCO x 15ml,56292,LEVOCERT D NF,5 mg + 120 mg,0.66
2528233.0,EVIGAX 100mg GOTAS x 20ml,47246,EVIGAX 100MG/ML,100 mg/ mL,0.72
2528340.0,DOLOFEN 500mg CAJA x 100 CAP,50508,DOLOFEN 500MG,500 mg,0.63
2529668.0,IRBET T 150mg CAJA x 28 TAB,53369,IRBETT 150,150 mg,0.64
2530391.0,MERIDIAN 10mg x 30 COMP,53206,MERIDIAN,10 mg,0.62
2530612.0,UROMAX FORTE x 100 CAPSULAS,49660,UROMAX FORTE,400 mg + 100 mg,0.72
2530719.0,PENETRO FORTE x 100 gr POTE,54880,PENETRO FORTE,15 g + 10 g,0.75
2531512.0,DEGRALER ODT x 40 COMP - BAGO,53071,DEGRALER ODT,5 mg,0.72
2532840.0,KLARICID GRAN 125 MG x 50 ML,41024,KLARICID 500,500 mg,0.65
2533954.0,DIPHA-SCBIX AL 5% x 60gr CREMA,50572,DIPHA - SCBIX,5 %,0.61
2535112.0,DOLOCORT PLUS 2% GEL TOPICO TBO x 50gr,54491,DOLOCORT PLUS,2 %,0.62
2535326.0,AUGMOX 312.5ml - DROPESAC,53698,AUGMOX 312.5,250 mg + 62.5 mg/ 5 mL,0.77
2536226.0,DERMAZOL PLUS x 10G CREMA - MARKOS,39327,DERMAZOL PLUS,,0.68
2536761.0,DOLFARB (IBUPROFENO) JBE x 60ml,39276,IBUPROFENO,100 mg/ 5 mL,0.61
2537019.0,LITIASIN K 1080mg x 20 TAB,52134,LITIASIN K,1080 mg,0.66
2537126.0,FLUIBRONCOL ORAL 100MG INFANTIL x 30 SOBRES,39887,FLUIBRONCOL ORAL INFANTIL,100 mg/ 1 g,0.84
2538026.0,MEGACILINA B 1200 000 UI INYECTABLE,39911,MEGACILINA ORAL,1 000 000 UI,0.62
2538882.0,REFLEXAN 10mg CAJA x 20 TABLETAS,43449,REFLEXAN 10,10 mg,0.61
2539675.0,SYSTALAN ULTRA SOL.OFTALMICA x 10ml,41704,SYSTALAN ULTRA,,0.68
2542091.0,PASTILLERO,46788,NASTILER,2 g + 0.1 g,0.78
2542198.0,DAYFLU ACTIVE x 100 CAP,54143,DAYFLU ACTIVE,325 mg + 10 mg + 5 mg,0.72
2542740.0,DIOXAFLEX 75mg AMP CAJA x 3 DOSIS,43887,DIOXAFLEX CB PLUS,50 mg + 4 mg,0.62
2542954.0,ATROPINA SULFATO 1mg/1ml AMP - CAJA x 10 - JPS,54350,ATROPINA SULFATO,1 mg/ mL,0.66
2543105.0,DIMENHIDRINATO 50mg TAB. x 100 - QUILAB,40228,DIMENHIDRINATO,50 mg,0.66
2543212.0,PARACETAMOL KIDS GOTAS x 30ml - GEN FAR,60063,PARACETAMOL + CAFEÍNA,500 mg + 65 mg,0.68
2543426.0,DIMENHIDRINATO 50mg/5ml x 100AMP - PHARMAGEN,40228,DIMENHIDRINATO,50 mg,0.61
2544861.0,TUSILEXIL NF JARABE x 120ml,53520,TUSILEXIL NF,15 mg/ 5 mL + 7.5 mg/ 5 mL,0.62
2545333.0,HIOSCINA BUTIL BROMURO 10mgx100 TAB -LABOGEN,41644,HIOSCINA BUTIL BROMURO,10 mg,0.68
2545868.0,ACIDO TRANEXAMICO 1gr x 10ml AMP.-(DIPHAXAMICO),55214,ACIDO TRANEXAMICO,1 g/ 10 mL,0.67
2546019.0,PIODOR-T SP x 5ml - ROSTER,51416,PIODOR-T SP,2 % + 0.5 %,0.71
2546447.0,BICARBONATO DE SODIO x 100gr POT - VARIOS,37166,BICARBONATO DE SODIO,8.4 %,0.68
2549040.0,SILDENAFILO 100mg x 10 TAB - AC FARMA,39175,SILDENAFILO CITRATO,50 mg,0.62
2550298.0,NEUROPRESS CAJA x 48 TABLETAS,48384,DOLO NEUROPRESS FORTE,,0.62
2551312.0,CEPHOPROM 1gr AMPOLLA IM,59539,CEPHOPROM I.M.,1 g,0.77
2552212.0,FLUIBRONCOL ORAL 200mg CAJA x 30 SOBRES,35547,FLUIBRONCOL ORAL,200 mg/ g,0.68
2553647.0,BICARBONATO DE SODIO x 100gr ZIP - PORTUGAL,37166,BICARBONATO DE SODIO,8.4 %,0.66
2555019.0,PLIDOLAN COMPUESTO CAJA x 100 TABLETAS,55646,PLIDAN COMPUESTO FORTE,20 mg + 2500 mg/ 5 mL,0.63
2557782.0,AMPICILINA 1gr x 10 AMP - DANY,40238,AMPICILINA,500 mg,0.63
2559154.0,BRONCOPHAR PLUS JBE x 120ml,44663,BRONCOPHAR PLUS,15 mg + 2 mg + 2 mg/ 5 mL,0.81
2559261.0,CLAVUNIL 12H (AMOX.+AC.CLAV.) x 14 TABS,53853,CLAVUNIL 12H,875 mg + 125 mg,0.63
2559475.0,CLAVUTRIM 500mg/5ml SUSP x 60ml,54559,CLAVUTRIM 500,500 mg/ 5 mL,0.7
2559689.0,HINDS ULTRA HIDRATANTE x 250ml,48089,SALES PARA REHIDRATACION ORAL,20.5 g,0.61
2560847.0,SALES DE REHIDRATACION ORAL x 50SOB - DANY (RE-HYDRAN),42424,SALES DE REHIDRATACION ORAL,2.5 g + 1.5 g + 2.9 g + 13.5 g,0.71
2561319.0,DAFLON 500mg x 30COMP,47013,DAFLON 1000 MG,1000 mg,0.63
2561426.0,PAMEZONE 40mg x 28 CAP - ROEMMERS,42912,PAMEZONE 40,40 mg,0.62
2561961.0,FARMA D x 1000UI x 30CB,55353,FARMA D 5000 UI,5000 UI,0.68
2562433.0,DIOXAFLEX CB NF x 120CB,55148,DIOXAFLEX CB NF,50 mg,0.89
2562754.0,FARMA D X 5000UI x 30 CB,55353,FARMA D 5000 UI,5000 UI,0.72
2562861.0,EUKENE H 40/12.5mg CAJA x 30 COMPRIMIDOS,41351,EUKENE H 40/12.5,40 mg + 12.5 mg,0.64
2563012.0,NAN AE x 400gr,45507,DANOLEX 400,400 mg,0.64
2564768.0,CLARITROMICINA 500mg x 100 TAB - LABOGEN,2651,CLARITROMICINA,500 mg,0.64
2565240.0,PARADOLO EXTRA FORTE 500mg x 100TAB - LABOFAR,54928,PARADOLO EXTRA FORTE,500 mg + 150 mg,0.63
2566461.0,DOLOCORDRALAN INYECTABLE 75mg x 5 UNID.,56992,DOLOCORDRALAN EXTRA FORTE NF,50 mg + 50 mg + 50 mg + 0.25 mg,0.61
2566782.0,MAXIMUS PLUS CAJA x 32 TAB - HERSIL,58346,MAXIMUS PLUS NF,1500 mg + 10 mcg + 70 mg,0.64
2566889.0,CLARIMED 250mg/5ml SUSP x 60ml,40849,CLARIMED 250,250 mg/ 5 mL,0.69
2567896.0,ANTIFAZ + TAPONES,40315,SANA TOS,2 mg + 25 mg + 0.008 mL/ 5 mL,0.61
2569696.0,CARBIDOPA/LEVODOPA 25/250mg x 100TAB - MEDROCK,36855,CARBIDOPA + LEVODOPA,25 mg + 250 mg,0.67
2570747.0,PLIDAN COMPUESTO FORTE 20mg/2500mg AMP. x 5ml,44530,PLIDAN COMPUESTO NF,10 mg + 125 mg,0.68
2571005.0,SULFANIL CREMA x 50gr.,49158,SULFANIL FORTE,1.0 g + 0.6 g,0.63
2571433.0,ZITROZIN 500mg x 3 TAB,35726,ZITROZIN,500 mg,0.63
2573554.0,PROSTEZOSIN 5mg x 30 TAB,53453,PROSTEZOSIN,5 mg,0.73
2575033.0,CLORFENAMINA 10mg/1ml x 10 AMP. FARMASALUD,54939,CLORFENAMINA MALEATO,10 mg/ mL,0.63
2575140.0,XICLOGYNON x 21 TAB,47410,XICLOGYNON,0.15 mg + 0.03 mg,0.79
2575461.0,PENETRO FORTE x 60GR,54880,PENETRO FORTE,15 g + 10 g,0.89
2575568.0,CARBAMAZEPINA 200mg x 100 TAB - IQFARMA,52642,CARBAMAZEPINA,200 mg,0.62
2576147.0,MARTESIA 25mg x 30 CAP - ROEMMERS,47370,MARTESIA 25,25 mg,0.62
2576254.0,DEXLANZOPRAL 30 x 30CAP - ROEMMERS,54244,DEXLANZOPRAL 30 DR,30 mg,0.68
2578810.0,PLENICA 50mg x 30 CAP,55347,PLENICA 50,50 mg,0.75
2580861.0,CLORURO DE POTASIO 20% x 10 AMP - DANY,37125,CLORURO DE POTASIO,14.9 %,0.68
2581119.0,CICLOBENZAPRINA 5mg x 30TAB - EUROFARMA,55017,CICLOBENZAPRINA,5 mg,0.68
2583133.0,CLARITROMICINA 500mg x 100 TAB - AC FARMA,38155,CLARITROMICINA,500 mg,0.63
2583240.0,DEXTROMETORFANO DIEPHAR x 60 UNITOMA,51686,DEXTROMETORFANO BROMHIDRATO,15 mg/ 5 mL,0.73
2584354.0,AMOXIDIN CL 400mg SUSP. x 105 ml,35526,AMOXIDIN CL 400/57,400 mg + 57 mg/ 5 mL,0.77
2585040.0,PARACETAMOL KIDS JARABE x 90ml - GEN FAR,60063,PARACETAMOL + CAFEÍNA,500 mg + 65 mg,0.67
2586154.0,METAMIZOL SODICO 1gr/2ml x 50 AMP - DIPHA SAC,55419,METAMIZOL SODICO,1 g/ 2 mL,0.65
2591019.0,TELDANE 120mg CAJA x 10 TABLETAS,45152,TELDANE 120 MG,120 mg,0.67
2594682.0,VERTINER 24mg x 30 TAB,51202,VERTINER,16 mg,0.63
2594896.0,DOLOCORDRALAN 50mg CAJA x 100 TABS,51992,DOLOCORDRALAN 50,50 mg,0.64
2596696.0,YODOPOVIDONA ESPUMA 7.5% FCO x 120ml (ALKOYODO),43732,YODOPOVIDONA ESPUMA LIMPIADORA,8.5 %,0.66
2596703.0,DEFLAZACORT 6mg x 10 TAB - IQFARMA,41552,DEFLAZACORT,30 mg,0.61
2596917.0,DERMOSUPRIL ESPUMA - MEGALABS,40566,DERMOSUPRIL,0.05 %,0.68
2597275.0,DOLO NEUROBION-NF x 200 CAP,43455,DOLO NEUROBION,,0.8
2598610.0,GLUCONATO DE CALCIO 10%/10ml x 25 AMP - JPS,27425,GLUCONATO DE CALCIO,10 %,0.66
2599075.0,ULCEPACK x 14 BLISTER,52887,ULCEPACK,500 mg + 500 mg + 20 mg,0.65
2599182.0,DICLOFAST FORTE GEL 2% TBO x 50gr,53707,DICLOFAST® FORTE,2 %,0.64
2601605.0,MOBILISIN GEL x 40gr,43946,MOBILISIN,3 % + 2 % + 0.2 %,0.72
2601819.0,HIERRO 90mg + ACIDO FOLICO 1mg - PORTUGAL,55987,HIERRO + ACIDO FOLICO,90 mg + 1 mg,0.78
2602284.0,MUCOTRIM DILAT FORTE 120ml,56693,MUCOTRIM DILAT FORTE,15 mg + 0.01 mg/ 5 mL,0.97
2602391.0,MICOMISIL 1% CREMA x 20 gr,7504,MICOMISIL,1 %,0.63
2603077.0,SULFADIAZINA DE PLATA 1% x 30gr. IQ FARMA,40212,SULFADIAZINA DE PLATA,1 %,0.7
2604626.0,PARACETAMOL 500mg x 100 TAB - LUSA,37112,PARACETAMOL,120 mg/ 5 mL,0.61
2604733.0,CLAVUTRIM CL 12H 875mg/125mg x 14 TAB. REC.,50462,CLAVUTRIM CL 12H,875 mg + 125 mg,0.67
2604947.0,BRONCOBUTOL PLUS JARABE x 120ml,48923,BRONCOBUTOL PLUS,2 mg + 7.5 mg/ 5 mL,0.78
2605419.0,ALERGICAL NEO x 100 TABLETAS,42944,ALERGICAL NEO,(2 mg + 5 mg)/ 5 mL,0.73
2605633.0,TENSIOMAX 5mg x 20 COMP,55141,TENSIOMAX,10 mg,0.66
2605847.0,PANTOMARK 40mg x 15 TAB,44260,PANTOMARK 40,40 mg,0.79
2605954.0,EVACUOL PLUS SOL.RECTAL x 266ml,50048,EVACUOL PLUS,16 g + 6 g/ 100 mL,0.67
2606098.0,UROPOL FORTE 200mg CAJA x 10 TABLETAS,55078,UROPOL FORTE F,200 mg,0.61
2606105.0,EUKENE H 40/25mg CAJA x 30 COMPIRMIDOS,41352,EUKENE H 40/25,40 mg + 25 mg,0.62
2606533.0,PENICILINA PROCAINICA 1000 x 10 AMP - FARMASALUD,54543,BENCILPENICILINA PROCAINICA,1 000 000 UI,0.68
2607112.0,PENICILINA BENZATINICA 1200 x 10 AMP - FARMA SALUD,55541,BENCILPENICILINA BENZATINICA,1 200 000 UI,0.68
2607647.0,DICLOFENACO 75mg x 50 AMP - DIPHASAC,52003,DICLOFENACO SODICO,100 mg,0.68
2609233.0,BRONPAX FORTE 30mg/5ml JBE x 120ml,39549,BRONPAX FORTE,30 mg/ 5 mL,0.67
2609982.0,LIBBERA FEX 120 x 10 TAB,56873,LIBBERAFEX® 120,120 mg,0.84
2610063.0,LIBBERA FEX 180 x 10 TAB,56872,LIBBERAFEX® 180,180 mg,0.84
2610491.0,NEO NISOPREX 15mg/5ml SOL.x 100ml,40321,NEO NISOPREX,15 mg/ 5 mL,0.66
2611933.0,AUDIOMETRIA TONAL,59952,METRONIDAZOL,500 mg/ 100 mL,0.65
2614419.0,PEZONERAS CRESSE,57344,PARAGASEX FRESA,80 mg/ mL,0.62
2614633.0,CETRAXAL PLUS x 10ml GOTAS,38879,CETRAXAL PLUS,3 mg/ mL + 0.25 mg/ mL,0.77
2615212.0,BRIMODUAL-T SP x 5ml GOTAS,49290,BRIMODUAL-T SP,0.2 % + 0.5 %,0.78
2616005.0,ECOGRAFIA DE TESTICULO,59972,CLORURO DE SODIO,0.9 %,0.63
2617547.0,NEURODIOXAFLEX x 208 CAP - BAGO,56822,NEURODIOXAFLEX,50 mg + 50 mg + 50 mg + 0.25 mg,0.75
2617761.0,BIOPSIA BUCAL,55156,BIOPRAL B,40 mg,0.64
2618019.0,SULFANIL CREMA x 20gr.,49158,SULFANIL FORTE,1.0 g + 0.6 g,0.63
2618340.0,BRIMODUAL SP FRASCO x 5ml,49290,BRIMODUAL-T SP,0.2 % + 0.5 %,0.73
2618982.0,AMPICILINA 1gr x 10 AMP. - CORVAL,47880,AMPICILINA + SULBACTAM,1 g + 0.5 g,0.62
2619133.0,ROXTRIM FORTE x 100 COMP - ROXFARMA,42532,ROXTRIM FORTE,400 mg + 80 mg/ 5 mL,0.67
2619240.0,PARAMIDOL 500mg x 100 TAB,56890,PARAMIDOL 1000,1 g,0.67
2621940.0,DOLOCORDRALAN EXTRA FORTE x 204 CAPSULAS,50912,DOLOCORDRALAN EXTRA FORTE,500 mg + 50 mg,0.77
2622084.0,DOLMACAF INFANTIL 100mg/15ml - CAFERMA,55187,DOLMACAF® INFANTIL,100 mg/ mL,0.65
2623198.0,PYRIDIUM-X FORTE x 100 TAB,55080,PYRIDIUM-X FORTE,200 mg,0.85
2623205.0,METROZOL NF OVULOS x 6 UNIDADES,50482,ELECTRORAL NF SABOR A ANIS,,0.63
2623312.0,PLASYODINE 120ml SOLUCION TOPICA,50855,PLASYODINE BUCAL,10 %,0.68
2623419.0,ORFENADRINA 100mg x 100 TAB - AC FARMA,40495,ORFENADRINA CITRATO,60 mg/ 2 mL,0.61
2623526.0,CEFUROXIMA 500mg x 50 TAB - IQ FARMA,51036,CEFUROXIMA 500 MG,500 mg,0.63
2624098.0,"PROLONG 1000 NF 9,6% FCO x 10g",39001,PROLONG 1000 NF,9.6 %,0.8
2624105.0,TAPSIN FLU CALIENTE DIA x 60 SOB,56583,TAPSIN FLU CALIENTE DIA,500 mg + 200 mg + 10 mg,0.94
2624426.0,TALCO TUINIES 100GR,20164,ALDACTONE 100,100 mg,0.62
2625647.0,LINDIOL 1 x 1 TAB,46755,LINDIOL 1,1.5 mg,0.79
2626868.0,BENALGIN B12 x 1 AMP. 1ml,51817,BENALGIN B12,1 mg/ mL,0.77
2627554.0,CORTAFAN FORTE 220mg/5ml SUSP. x 100ml,56939,CORTAFAN FORTE,220 mg/ 5 mL,0.66
2628026.0,VITAMIN B12-INJEKTOPAS 1000UG/ML AMPOLLA,52524,VITAMIN B12- INJEKTOPAS®,1000 mcg/ 1 mL,0.7
2628454.0,DESLORATADINA 5mg x 100 TAB - PORTUGAL,55262,DESLORATADINA,5 mg,0.63
2628561.0,DERMOSUPRIL 0.1% CREMA - MEGALABS,40566,DERMOSUPRIL,0.05 %,0.65
2628668.0,DERMOSUPRIL 0.05% CREMA - MEGALABS,40566,DERMOSUPRIL,0.05 %,0.64
2628775.0,CLOTRIVAL x 20ml GOTAS,10849,TRAMAL GOTAS,100 mg/ mL,0.65
2629033.0,ALERGIS GEL x 20GR,42201,ALERGIS,0.75 %,0.66
2629354.0,SILDEX 50mg x 1 TAB,40673,SILDEX 50,50 mg,0.64
2629461.0,NOVUCOR x 10gr CREMA,51583,NOVUCOR®,1 g + 0.1 g + 0.064 g,0.62
2630512.0,ESPIRONOLACTONA 25mg x 100 TAB - IQFARMA,47620,ESPIRONOLACTONA,25 mg,0.67
2630619.0,FLATUZYM ADVANCE x 150 CAPSULAS,54999,FLATUZYM ADVANCE,50 mg + 13 mg + 24 mg + 5 mg + 50 mg,0.78
2632091.0,EVACUOL PLUS SOL.RECTAL x 133ml,50048,EVACUOL PLUS,16 g + 6 g/ 100 mL,0.67
2632198.0,TAPSIN PLUS ANTIGRIPAL NOCHE x 25 SOBx2,57077,TAPSIN PLUS ANTIGRIPAL NOCHE,325 mg + 2 mg + 5 mg + 10 mg,0.94
2633747.0,CARBAMAZEPINA 200mg x 100 TAB - PORTUGAL,57363,CARBAMAZEPINA,200 mg,0.61
2633854.0,FENAZOPIRIDINA 100mg TAB x 100 - PORTUGAL,57213,FENAZOPIRIDINA,100 mg,0.63
2634861.0,METAMUCIL x 10 SOB,46226,TAFCILEX® -10,18 mg,0.62
2635226.0,DIPHA-SCBIX AL 5% x 30gr CREMA,50572,DIPHA - SCBIX,5 %,0.61
2635547.0,MENTHOBIOTICOS 50SOB x 4UND,57109,MENTHOBIOTICOS,3 mg,0.78
2635975.0,PENETRO FORTE CREMA TUBO x 30gr,54880,PENETRO FORTE,15 g + 10 g,0.69
2636019.0,DELINEADOR LIQUIDO,58554,FEVASTIN LIQUID,120 mg/ 5 mL,0.61
2637026.0,ORFENADRINA 60mg x 100 AMP - DANY,37521,ORFENADRINA CITRATO,60 mg/ 2 mL,0.62
2637454.0,TRETOCHECK 10mg x 30 CAP - BONAPHARM,43799,TRETOCHECK 10,10 mg,0.65
2638675.0,VITAPYRENA FORTE x 5 SOB,46974,VITAPYRENA FORTE,,0.9
2638996.0,"LIBBERA ""D"" NEO x 100 TAB",57581,LIBBERA D NEO,5 mg + 120 mg,0.82
2639040.0,DIMENHIDRINATO 50mg/5ml x 10AMP - DIPHASAC,56778,DIMENHIDRINATO,50 mg/ 5 mL,0.63
2641198.0,AMOXIDAL PLUS 400mg x 100ml - MEGALABS,46825,AMOXIDAL PLUS,400 mg + 57 mg/ 5 mL,0.63
2641205.0,AMOXIDAL PLUS 875mg x 20 COMP - MEGALABS,46825,AMOXIDAL PLUS,400 mg + 57 mg/ 5 mL,0.61
2642426.0,COMTREX ANTIGRIPAL NOCHE x 60 SOB,51885,COMTREX ANTIGRIPAL NOCHE,650 mg + 250 mg + 4 mg + 30 mg + 20 mg,0.84
2642533.0,DICLOFENACO 75mg x 10 AMP - DANY,39236,DICLOFENACO,1 %,0.64
2644333.0,BRONCO VELAMOX 250mg/15mg x 60ml,53478,BRONCO VELAMOX,(250 mg + 15 mg)/ 5 ml,0.72
2644868.0,NEPAFEN 0.1% x 5ml,43352,NEPAFEN,0.1 %,0.71
2644975.0,FLEX NF 2MG/ML X 3AMP,57415,FLEX NF,2 mg/ mL,0.62
2645126.0,BILERGY 20mg x 10 TAB,53715,BILERGY 20,20 mg,0.65
2646240.0,ETALPRAM 10mg x 10 COMP,56936,ETALPRAM 15,15 mg,0.69
2646561.0,TELMISARTAN 80mg x 30 TAB - GENFAR,45189,TELMISARTAN,80 mg,0.61
2647568.0,CLORURO DE SODIO 0.9% x 100ml - DANY,54345,CLORURO DE SODIO,20 %,0.77
2647675.0,BETACORT DEPOT 2 AMP x 2 ml,56508,BETACORT DEPOT 2,10 mg/ 2 mL + 4 mg/ 2 mL,0.84
2647782.0,EVACUOL PLUS SOL.RECTAL x 66.5ml,50048,EVACUOL PLUS,16 g + 6 g/ 100 mL,0.67
2647889.0,VITAMINA C INJECTOPAS 7.5/50ml FCO x 50ml,47891,VITAMIN C - INJEKTOPAS®,7.5 g/ 50 mL,0.64
2648575.0,DOLO MIOPRESS FORTE x 100 TAB,57309,DOLOMIOPRESS FORTE,450 mg + 35 mg,0.77
2650526.0,DOLOCORDRALAN 1% GEL TUBO x 50gr,51992,DOLOCORDRALAN 50,50 mg,0.68
2652005.0,GLIBENCLAMIDA 5mg x 100 TAB - PERUFARMA,51539,GLIBENCLAMIDA,5 mg,0.62
2652219.0,CAFIASPIRINA FORTE 650mg x 36 TAB,58018,CAFIASPIRINA FORTE,650 mg + 65 mg,0.81
2652433.0,VITAMINA C + D3 & ZINC - FAST&UP,47891,VITAMIN C - INJEKTOPAS®,7.5 g/ 50 mL,0.62
2653654.0,LEVOTIROXINA 50mcg x 50 TAB - (DOBESIUM),52420,LEVOTIROXINA SODICA,100 mcg,0.65
2654554.0,AERO SIM GOTAS x 15ml ANIS,35489,AERO SIM SABOR A ANIS,80 mg/ mL,0.78
2654768.0,FLAVOSEX 200 x 30 TAB - JAM PHARMA,56638,FLAVOSEX 200,200 mg,0.65
2655026.0,ORIFLOW DUO PRO x 30 CAP - JAM PHARMA,57072,ORIFLOW DUO PRO,0.4 mg + 0.5 mg,0.7
2655561.0,LIDOCAINA 2% S/PRESERV. x 1 VIAL - DANY,53339,LIDOCAINA SIN PRESERVANTE,2 %,0.78
2656889.0,COLGATE TRIPLE ACCION x 50ML,52788,TRIPLE ACCION G& R,0.050 g + 1 g + 0.10 g,0.67
2657254.0,TAPSIN MIGRAÑA x 100 COMP,44611,TAPSIN MIGRAÑA,250 mg + 250 mg + 65 mg,0.8
2657903.0,PEPTO-BISMOL CEREZA x 118ml,57900,PEPTO-BISMOL® SABOR CEREZA,525 mg/ 30 mL,0.82
2658047.0,PEPTO-BISMOL CEREZA x 236ml,57900,PEPTO-BISMOL® SABOR CEREZA,525 mg/ 30 mL,0.82
2658368.0,KETOROLACO 10MG x 100 TAB. PERUFARMA,57576,KETOROLACO TROMETAMINA,10 mg,0.63
2659696.0,HIDROCORTISONA 100mg AMP - DANY,44965,HIDROCORTISONA,250 mg,0.65
2659810.0,ETALPRAM 20mg x 30 COMP,56936,ETALPRAM 15,15 mg,0.63
2661433.0,CHAO-TE ANTIGRIPAL x 50 SOBRES,57707,CHAOTE ANTIGRIPAL,500 mg + 200 mg + 10 mg,0.74
2663340.0,IBUMEJORAL MUJER 200 mg,57518,IBUMEJORAL MUJER,200 mg,0.92
2663447.0,MEJORAL MIGRAÑA 250mg x 50 SOB,57390,MEJORAL MIGRAÑA,250 mg + 250 mg + 65 mg,0.75
2664026.0,CEFRABIOTIC 250mg x 60ml,50838,CEFRABIOTIC,500 mg,0.73
2664347.0,LEVOFLOXACINO 500mg x 50 TAB - AC FARMA,42975,LEVOFLOXACINO,500 mg,0.62
2664989.0,NEBIVOLOL 5mg x 30 TAB	,56005,NEBIVOLOL,5 mg,0.68
2665889.0,ORATADINA ALLERGY 10mg x 100 TAB - SHERFARMA,46384,ORATADINA ALLERGY,10 mg,0.68
2665996.0,DOLOFENAC FLEX 3mg CAJA x 30 TABLETAS,55246,DOLOFENAC FLEX,1.5 mg/ mL,0.65
2666468.0,ANEURIN B12 20 000mcg/2ml x 1 AMP,54458,ANEURIN B12 20000,20 000 mcg/ 2 mL,0.69
2667154.0,FENACINA 5 x 30 TAB 	,56640,FENACINA 5,5 mg,0.79
2667261.0,TELCARD 40mg x 30 TAB,54596,TELCARD® 40,40 mg,0.65
2668268.0,NASTIZOL KIDS JBE x 100ml,58262,NASTIZOL KIDS,2.5 mg + 1 mg/ 5 mL,0.78
2668375.0,GASEOVET 80mg x 30 TAB,35148,GASEOVET CB,180 mg,0.71
2668810.0,MELATONINA  3MG x 30 TAB.-KAPOX,58172,MELATONINA,3 mg,0.63
2670433.0,NASTIZOL KIDS JBE x 60ml,58262,NASTIZOL KIDS,2.5 mg + 1 mg/ 5 mL,0.8
2672019.0,CIPROFLOXACINO 200mg/100ml AMP - PHARMAGEN,46104,CIPROFLOXACINO,500 mg,0.63
2672554.0,SALES DE REHIDRATACION ORAL x 25SOB - MEDIFARMA,48089,SALES PARA REHIDRATACION ORAL,20.5 g,0.78
2672982.0,DICLOFENACO 75mg x 10 AMP - GENFAR,38550,DICLOFENACO,1 %,0.61
2673133.0,FLORIL SMART GAMER x 10mL,56445,FLORIL SMART GAMER,0.05 %,0.94
2673240.0,URONOR 100 x 100mg,57563,URONOR 100,100 mg,0.81
2673989.0,DIMENHIDRINATO 50mg TAB x 100 - PERUFARMA,48908,DIMENHIDRINATO,50 mg,0.63
2674461.0,CLORURO DE SODIO 20% CAJA x 5 AMP - DANY,54345,CLORURO DE SODIO,20 %,0.7
2674996.0,NEUROPRESS 5000 CJA x 60 TAB,52023,NEUROPRESS,250 mg + 250 mg + 1 mg,0.63
2677696.0,DOLOCORDRALAN EXTRA FORTE NF  x 54 TABLETAS,56992,DOLOCORDRALAN EXTRA FORTE NF,50 mg + 50 mg + 50 mg + 0.25 mg,0.8
2678710.0,CIPROFLOXACINO 500mg x 100 TAB - PERUFARMA,47985,CIPROFLOXACINO,500 mg,0.62
2679068.0,GRIPALERT JBE x 120 ML,57562,GRIPALERT,1.25 mg + 10 mg + 30 mg/ 5 mL,0.68
2679824.0,CLORURO DE SODIO 0.9% x 100ml - CORP.FS,58568,CLORURO DE SODIO,0.9 %,0.74
2679931.0,GASEOPLUS 240mg x 30 CAP BLD,42464,GASEOPLUS FRESA,80 mg/ mL,0.61
2680012.0,ESCITALOPRAM 10mg x 10 TAB - AC FARMA,58525,ESCITALOPRAM,10 mg,0.61
2681447.0,SET DE MANICURE,48958,SAL DE ANDREWS,2.28 g + 0.8825 g,0.62
2682240.0,NEOTETRIN 0.05% CREMA x 30gr,43743,NEOTETRIN,0.05 %,0.61
2683996.0,CLORURO DE SODIO 0.9% x 100ml - ACULIFE,61218,CLORURO DE SODIO,0.9 %,0.73
2684040.0,CLORFENAMINA DIEPHAR x 60 UNITOMAS,43674,CLORFENAMINA MALEATO,2 mg/ 5 mL,0.73
2684361.0,TELMIGLOB 40MG x 30 TAB,51544,TELMIGLOB-HCT,40 mg + 12.5 mg,0.67
2684575.0,DOLONET SUSP.100mg x 60mL,50508,DOLOFEN 500MG,500 mg,0.64
2684903.0,RHINO DAZOL PLUS SOLUCION x 15ml. LUSA,58790,RHINO-DAZOL® PLUS,1 mg/ mL,0.68
2685368.0,FEBRAMOL 10MG/ML FCO/100ML(PARACETAMOL),41268,TRAMADOL + PARACETAMOL,37.5 mg + 325 mg,0.62
2686917.0,DOLO NEUROBION GEL 1% 30G,43455,DOLO NEUROBION,,0.84
2688282.0,HIDROXOCOBALAMINA 1mg/1ml x 1 AMP - AC FARMA,58648,HIDROXOCOBALAMINA,1 mg/ mL,0.69
2689396.0,HIOSCINA BUTIL BROM IM/IV X 10 AMP(ZIOX)	,41644,HIOSCINA BUTIL BROMURO,10 mg,0.68
2691347.0,PENICILINA PROCAINICA 1000 x 10 AMP - LABOT,51180,PENICILINA G PROCAINICA,1 000 000 UI,0.76
2693575.0,DISFRUTA LIMON GRÁNULOS EFER x 60 SOB,55713,DISFRUTA LIMON,1.871 g + 1.398 g,0.66
2694154.0,SPASMONIUM 40mg x 30TAB,52737,SPASMONIUM,40 mg,0.71
2694368.0,CIPROFLOXACINO 0.3% GOTAS x 5ml (BADITED) - JPS,44122,CIPROFLOXACINO,0.3 %,0.61
2694475.0,LIDOCAINA 2% S/PRESERV. FCO x 20ml - OTARVASQ,57056,LIDOCAINA 2%(SIN PRESERVANTES),2 %,0.63
2701391.0,SUBSALICILATO DE BISMUTO x 240 ML-PORTUGAL,51072,SUBSALICILATO DE BISMUTO,87.33 mg/ 5 mL,0.84
2701498.0,MILPAX F x 360ml,51600,MILPAX F,500 mg/ 10 mL + 267 mg/ 10 mL + 160 mg/ 10 mL,0.77
2701505.0,NASTIZOL ANTIGRIPAL MULTISINTOMAS x 50x2 TAB,58717,NASTIZOL® ANTIGRIPAL MULTISÍNTOMAS,500 mg + 5 mg + 2 mg,0.94
2701612.0,NASTIZOL NF JBE x 100ml,58208,NASTIZOL NF,30 mg + 2 mg/ 5 mL,0.75
2701719.0,SUPRACALM 1G x 10 COMPRIMIDOS,41613,SUPRACALM DUO,325 mg/ 37.5 mg,0.62
2701826.0,SUPRACALM DUO x 10 COMPRIMIDOS,41613,SUPRACALM DUO,325 mg/ 37.5 mg,0.7
2702398.0,ACIDO TRANEXAMICO 250MG CJA/10 TAB - AC FARMA,38805,ACIDO TRANEXAMICO,1 g/ 10 mL,0.68
2702619.0,MIOFEDROL RELAX PLUS x 100 COMP,40950,MIOFEDROL RELAX PLUS,50 mg + 75 mg + 500 mg,0.88
2702726.0,TOTAL FLEXX FORTE GEL TUBO x 50 gr.,58898,TOTAL FLEXX FORTE,2 %,0.67
2702940.0,"BENALGIN 10,000 NF AMP - LUSA",58339,BENALGIN 10 000 NF,,0.87
2703191.0,DIMENHIDRINATO 50mg/5ml x 10AMP - CORP.FS,59233,DIMENHIDRINATO,50 mg/ 5 mL,0.65
2703733.0,BRIVAXON 50mg x 30 COMP,48561,BRIVAXON,25 mg,0.62
2705212.0,GINGITRIOL 3mg/mL 20mL,59765,GINGITRIOL,3 mg/ mL,0.65
2705319.0,COMTREX ANTIGRIPAL DIA x 60 SOB,51883,COMTREX ANTIGRIPAL DIA,500 mg + 200 mg + 10 mg,0.83
2705640.0,PREDCORT FORTE 25mg/5ml FRASCO x 60ml	,58086,PREDCORT FORTE,25 mg/ 5 mL,0.66
2706112.0,GLUCOPHAGE XR 850 x 30 COMPRIMIDOS	,34435,GLUCOPHAGE XR,750 mg,0.65
2706647.0,TELMICIN-P x 5ML,37954,TELMICIN P,0.3 %,0.82
2707012.0,TONIKON PLUS JBE x 345ml,58792,TONIKON PLUS,(2.5 mg + 6.25 mg + 312.5 mg)/ 5 mL,0.77
2708554.0,OPTADOL 0.1% FCO/5ML. (DICLOFENACO)	,43555,DICLOFENACO,1 %,0.65
2708768.0,ACIDO TRANEXAMICO 1GR CAJA x 5 AMP.- TATVA,59697,ACIDO TRANEXAMICO,1 g/ 10 mL,0.7
2709240.0,LIDOCAINA CLORH. 2% SOL. INY CJA/10 AMP - JPS,51246,LIDOCAINA CLORHIDRATO,2 %,0.63
2711512.0,BIOBRONCOL S 500mg x 50 CAP - IQFARMA,58343,BIOBRONCOL S,250 mg/ 5 mL,0.61
2711619.0,BIOBRONCOL S 500mg x 12 CAPSULAS,58343,BIOBRONCOL S,250 mg/ 5 mL,0.65
2712191.0,ORFENADRINA 100mg x 100 TAB - GENFAR,57970,ORFENADRINA CITRATO,100 mg,0.63
2712305.0,ATROPINA SULFATO 1mg/1ml AMP - CAJA x 10 - DIPHASAC,58486,ATROPINA SULFATO,1 mg/ 1 mL,0.62
2712626.0,VANCOMICINA 500MG IV CJA/10 VIALES(VANCONEX)	,39185,AMOXICILINA + ACIDO CLAVULANICO,500 mg + 125 mg,0.61
2713205.0,RAQUIFEROL D3 200 000 SOL.ORAL x 2ml,52136,RAQUIFEROL ® D3 CB,10 000 UI,0.65
2715219.0,NISTAGLOS UNGUENTO x 30gr,54846,NISTAGLOS,(10 000 000 UI + 20 g)/ 100 g,0.63
2715861.0,DOLOCHECK PLUS 400mg x 100 CAP,34747,DOLOCHECK PLUS,400 mg,0.64
2715968.0,HIDROCLOROTIAZIDA 25mg x 100 TAB - AC FARMA,59105,HIDROCLOROTIAZIDA,25 mg,0.69
2716761.0,PLIMADOL COMPUESTO NF CJA x 100 TAB - LYAFARM,54300,PLIMADOL COMPUESTO NF,500 mg + 10 mg,0.66
2719140.0,GASLESS MAX 80mg x 10 TAB MASTICABLE SABOR A CANELA	,36864,GASLESS MAX SABOR A CANELA,80 mg,0.78
2720184.0,ACI BASIC SUSP x 200 ml,59289,ACI BASIC UVA,400 mg/ 5 mL + 30 mg/ 5 mL,0.71
2720619.0,CLORURO DE POTASIO 14.9% x 10 ML x 25 AMP - LUSA,37125,CLORURO DE POTASIO,14.9 %,0.68
2721305.0,AB BRONCOL NF 1000 INYECTABLE,48938,AB BRONCOL NF 1200,1000 mg + 200 mg,0.82
2721519.0,DOLOCHECK FORTE x 100 CAP,57230,DOLOCHECK FORTE,500 mg + 200 mg,0.75
2721947.0,AERO-MOTIL x 20COMP,38812,AERO MOTIL,25 mg,0.64
2722091.0,RESFRIGRIP ANTIGRIPAL x 100 TABLETAS	,59066,RESFRIGRIP ANTIGRIPAL,,0.74
2722198.0,FUROXONA FORTE JBE x 60ml,37379,FUROXONA FORTE,50 mg/ 5 mL,0.82
2723098.0,NEUROBION ADVANCE x 90 TABLETAS,59966,NEUROBION ADVANCE,100 mg + 50 mg + 1 mg,0.71
2723533.0,ALERGICAL NEO JBE x 45ml,57209,ALERGICAL NEO,(2 mg + 5 mg)/ 5 mL,0.8
2724112.0,DESCONGEST NF DIEPHAR x 60 MONODOSIS,55232,DESCONGEST NF,(0.75 mg + 5 mg + 5 mg)/ 5 mL,0.63
2724754.0,ROSUVASTATINA 20mg CAJA x 30 TAB.-QM,57768,ROSUVASTATINA,10 mg,0.65
2724968.0,BEPANTHEN JABON 90gr,49677,BEPANTHEN PLUS,5 % + 0.5 %,0.69
2725012.0,ACIDO TRANEXAMICO 100MG/ML SOL.INY - AC FARMA,38805,ACIDO TRANEXAMICO,1 g/ 10 mL,0.69
2727668.0,LEVOTIROXINA 100mcg x 100 TAB - MERCK,38160,LEVOTIROXINA SODICA,100 mcg,0.66
2729682.0,CLORURO DE SODIO 0.9% x 250ml - PHARMAGEN,37694,CLORURO DE SODIO,20 %,0.7
2730733.0,NONPIRON FORTE 200mg/5ml x 60ml - ELIFARMA,58307,NONPIRON FORTE,200 mg/ 5 mL,0.63
2730840.0,REDEX FLEX x 60 TAB,60472,REDEX 60,60 mg/ 2 mL,0.69
2731419.0,CLORURO DE SODIO 0.9% x 250ml - CORVAL,61218,CLORURO DE SODIO,0.9 %,0.74
2732961.0,ULTRA BENGUE 2% (DICLOFENACO) x 50GR,59805,ULTRA BENGUE,2 %,0.63
2734226.0,FENAZOPIRIDINA 100mg TAB x 100-GENERION,60980,FENAZOPIRIDINA,100 mg,0.64
2738903.0,CICLOPIROX 8% LACA - PREPARADO MAGISTRAL,46847,LOPIROX LACA PARA UÑAS 8%,80 mg,0.67
2739261.0,ESO-PEPTOPRAZOL 20mg x 28 CAP - SHERFARMA,59783,ESO-PEPTOPRAZOL,20 mg,0.64
2740740.0,KITADOL FORTE x 40 SOBRES x 2 TAB,60413,KITADOL FORTE,250 mg + 250 mg + 65 mg,0.67
2741098.0,AMPICILINA 1g + SULBACTAM 0.5g IM-IV x 10 AMP - CORVAL,47880,AMPICILINA + SULBACTAM,1 g + 0.5 g,0.69
2741854.0,HIOSCINA N-BUTIL BROMURO 20mg/1ml x 10 AMP - JPS,57161,HIOSCINA BUTILBROMURO,20 mg/ mL,0.75
2743440.0,MAFIDOL 120mg/5ml x 60ml - FARVET,55130,MAFIDOL EXTRA FORTE,1 g,0.63
2743547.0,HIDROCORTISONA 1% CREMA x 15gr - COASPHARMA,61168,HIDROCORTISONA,1 %,0.62
2745026.0,DEXTRO TOSS JBE x 60ml,59286,DEXTRO TOSS,15 mg/ 5 mL,0.77
2745347.0,LENTOCILIN S 1200 X 1 VIAL p/Susp. Iny.,61226,LENTOCILIN S 1200,1200000 UI,0.64
2746889.0,CLORFENAMINA 4mg x 300 TAB -MEDIFARMA GENERICO,41232,CLORFENAMINA MALEATO,4 mg,0.62
2748582.0,CLORURO DE SODIO 0.9% x 100ml - EUROFARMA,2857,CLORURO DE SODIO,0.9 %,0.6
2749268.0,DOLOCORDRALAN FORTE 100mg x 50 TAB,52244,DOLOCORDRALAN FORTE 2%,2 %,0.73
2749703.0,BEPANTHEN JABON 90gr PACK x 3 UND,49677,BEPANTHEN PLUS,5 % + 0.5 %,0.61
2750854.0,METOCLOPRAMIDA 10mg/2ml x 10 AMP - DIPHASAC,58454,METOCLOPRAMIDA,10 mg/ 2 mL,0.62
2751754.0,ALBISEC ONE 2gr CAJA X  1 SOBRE,61473,ALBISEC ONE,2 g,0.64
2753447.0,GLORANTA CARAMELOS x 5/4 SOBRES - T/SAB,49646,DOLOALIVIO ANTIGRIPAL NOCHE X 60 SOBRES,,0.61
2753982.0,TRANSFAR 75mg CAJA x 30 CÁPSULAS,59926,TRANSFAR 75,75 mg,0.62
2754561.0,TRIAMCINOLONA 0.025% LOCION x 60ml-IQ FARMA,52581,TRIAMCINOLONA ACETONIDA,50 mg/ 5 mL,0.6
2754668.0,CLORFENAMINA 4mg x 200 TAB - PORTUGAL,42354,CLORFENAMINA MALEATO,2 mg/ 5 mL,0.68
2755140.0,SANISCALD UNG x 30 gr TUB,60241,SANISCALD,10 000 000 UI + 20 g/ 100 g,0.63
2755782.0,COLIRIO EYEMO FRASCO x 12 ml,37850,COLIRIO EYE MO,0.05 %,0.72
2756361.0,DAPAGLICIN 10mg x 30 - MEGALAB,57540,DAPAGLICIN 10,10 mg,0.63
2756789.0,FINASTERIDA 5mg x 30 TAB REC,42882,FINASTERIDA,5 mg,0.66
